time,command_model_x,command_model_y,command_model_theta,measured_model_x,measured_model_y,measured_model_theta,actual_x,actual_y,actual_theta,command_v,odom_v,wheel_derived_v,command_delta,left_steering,right_steering,rear_left_omega,rear_right_omega,command_position_error,measured_position_error,command_heading_error,measured_heading_error
0.020157061,0.16720646755615717,-3.458517351786529e-05,0.0029232850859005157,0.16501334098435766,-3.3889171959999226e-05,-1.494753112571515e-05,0.1648680417985153,-2.4011210012518007e-05,-0.00022276518889969665,0.12,0.011198092706094802,0.009524969057736277,0.2617993877991494,0.29156272849373926,0.23744518649382898,0.21302375909530882,0.263224693791505,0.002338449664351827,0.0001456345684880058,0.003146050274800212,0.0002078176577739815
0.039877225,0.16957287712493146,-2.7667464013007736e-05,0.0060936862969460945,0.1654561530952752,-3.38957909078105e-05,0.0005783082065359495,0.16521877021273765,2.3238165511650006e-05,0.0002435971032206194,0.12,0.022454788457490365,0.021360769054972816,0.2617993877991494,0.29156272849373926,0.23744518649382898,0.4769233548016091,0.5911150979470317,0.004354404481204207,0.00024416167163987404,0.005850089193725475,0.0003347111033153301
0.060276340000000005,0.17202072547623634,-1.2750859424379602e-05,0.009373242131281854,0.16603588037129155,-3.356052982916257e-05,0.001354995613608143,0.1657320309582894,9.273353397198922e-05,0.0009286411798748339,0.12,0.028419241371915954,0.027634112491159754,0.2617993877991494,0.29156272849373926,0.23744518649382898,0.6167975620680213,0.7649080624899666,0.0062895791351493605,0.0003290511454670287,0.00844460095140702,0.000426354433733309
0.08058061500000001,0.1744571314438448,1.008683246614971e-05,0.012637550584771515,0.16667691459961104,-3.269193073003048e-05,0.002213819421008476,0.16633125472984506,0.00017433089256406445,0.0017295742581056586,0.12,0.03157142113143947,0.03094995907746706,0.2617993877991494,0.29156272849373926,0.23744518649382898,0.6907149654700278,0.8567829884033251,0.008127536433778742,0.00040291338390687897,0.010907976326665857,0.00048424516290281744
0.099843341,0.1767684739819791,3.929809581485988e-05,0.01573440971020471,0.1672850647440227,-3.13455939299782e-05,0.0030285881179567486,0.16633125472984506,0.00017433089256406445,0.0017295742581056586,0.12,0.03157142113143947,0.03269994760152642,0.2617993877991494,0.29156272849373926,0.23744518649382898,0.7297225548289967,0.9052748252473242,0.01043809271722163,0.0009757337547928052,0.01400483545209905,0.00129901385985109
0.119987413,0.1791854634020851,7.733113630202388e-05,0.01897296240500934,0.1679545442182337,-2.931801014992969e-05,0.00392552465377999,0.16697583008384773,0.00026264647946476146,0.002591775175000495,0.12,0.033234717616747574,0.0336215102692885,0.2617993877991494,0.29156272849373926,0.23744518649382898,0.7502604971742014,0.9308150162902236,0.012211039576638175,0.0010213347247806854,0.016381187230008847,0.0013337494787794947
0.13989715700000002,0.18157420267640667,0.0001226580357041782,0.022173842300795575,0.16863366830212004,-2.665207812186754e-05,0.004835385413320939,0.16764426651479156,0.0003548208087969197,0.003486309465730956,0.12,0.03411039923386289,0.03410571353590715,0.2617993877991494,0.29156272849373926,0.23744518649382898,0.7610490681178254,0.9442366086775322,0.013931870693481278,0.0010603949548271844,0.018687532835064618,0.0013490759475899834
0.15991159500000002,0.1839753448195278,0.00017590931072985978,0.025391553800233238,0.16932556537256405,-2.3306463045327105e-05,0.00576236255645859,0.16832520882640226,0.0004493347644607107,0.004397878459500282,0.12,0.03457030165568235,0.03435908677436476,0.2617993877991494,0.29156272849373926,0.23744518649382898,0.7666920880076239,0.951262250710614,0.015652524335776366,0.0011063918606837092,0.020993675340732956,0.0013644840969583088
0.17998123500000002,0.18638292529009015,0.0002370546611091079,0.02861814009846325,0.17002419325578988,-1.9280671331463956e-05,0.006698361981863984,0.16901266392903566,0.000545381251384249,0.005318401892502666,0.12,0.03481076303778447,0.03449065161204276,0.2617993877991494,0.29156272849373926,0.23744518649382898,0.7696197429961429,0.9549128376059949,0.017372997583537886,0.0011584621987138152,0.023299738205960586,0.0013799600893613182
0.199967467,0.1887802910761445,0.000305681547157516,0.03183131693294789,0.17072240510083658,-1.4603725704624936e-05,0.00763380946776987,0.16970346914520368,0.0006425311911972776,0.006243616050527876,0.12,0.034935424998702475,0.03455795241595042,0.2617993877991494,0.29156272849373926,0.23744518649382898,0.7711147314317007,0.9567828893658201,0.019079795666293555,0.001212458981035322,0.02558770088242002,0.001390193417241994
0.22003181800000002,0.1911867935076978,0.00038230957117876444,0.03505705292121064,0.17142461670181702,-9.243072005495948e-06,0.008574622037577483,0.17039595566594054,0.0007405562560582513,0.007171272014748189,0.12,0.034998992102176225,0.034591360525734194,0.2617993877991494,0.29156272849373926,0.23744518649382898,0.7718540425268393,0.9577139837598704,0.02079392408492136,0.0012729267689444374,0.02788578090646245,0.0014033500228292943
0.24018530000000002,0.19360372538580792,0.00046707480818831265,0.03829711845715574,0.17213057401455478,-3.1896065147575054e-06,0.009520460267531776,0.17108924306532347,0.0008393347643627589,0.008100184373880834,0.12,0.03503033699020781,0.034606905426158144,0.2617993877991494,0.29156272849373926,0.23744518649382898,0.7721949777600342,0.9581502935478728,0.022517559628751464,0.001339484028030771,0.03019693408327491,0.001420275893650942
0.25998799100000003,0.19597830587887163,0.0005580588841502366,0.04148078749400358,0.17282452189762018,3.4172963496274825e-06,0.01045021627765043,0.17178286696600525,0.0009388017025688442,0.00902972905247263,0.12,0.03504469840392248,0.03461304803413368,0.2617993877991494,0.29156272849373926,0.23744518649382898,0.7723261332531689,0.9583262684535153,0.024198434438616603,0.001399996065692963,0.03245105844153095,0.0014204872251777996
0.280066694,0.19838567762396184,0.0006579758740826984,0.044708830846352195,0.17352824442351505,1.0771616661101413e-05,0.011393077173241953,0.1724765825590591,0.0010389221787439646,0.009959578257825572,0.12,0.03505012018771782,0.03461425571163911,0.2617993877991494,0.29156272849373926,0.23744518649382898,0.7723470889778433,0.9583656966041122,0.025911895476193995,0.0014707434363145377,0.034749252588526625,0.0014334989154163816
0.299990922,0.20077419581405284,0.000764834938773245,0.04791203932780033,0.174226560223314,1.872792671135335e-05,0.01232870366886749,0.17317026093660934,0.0011396773228012618,0.010889560600061573,0.12,0.03505084983550805,0.034612888940226336,0.2617993877991494,0.29156272849373926,0.23744518649382898,0.77231046340566,0.9583339836056568,0.027606479810562697,0.0015402258703473093,0.037022478727738756,0.001439143068805918
0.31999832300000003,0.2031723287655857,0.0008798223795197671,0.05112861949215772,0.17492774896972274,2.7373113000146916e-05,0.013268189859183486,0.1738638344027417,0.001241056798792712,0.011819587281259305,0.12,0.03504913202138177,0.034610196849323656,0.2617993877991494,0.29156272849373926,0.23744518649382898,0.7722441039353088,0.9582657385308738,0.029310720429947226,0.0016139833626755543,0.03930903221089841,0.001448602577924181
0.340106805,0.2055821933145253,0.0010031429046659989,0.05436145039990717,0.17563241191542,3.672326343881098e-05,0.014212342300736081,0.1745572676270638,0.0013430548295121796,0.012749613152430367,0.12,0.035046154970469555,0.03460684243768924,0.2617993877991494,0.29156272849373926,0.23744518649382898,0.7721627939930605,0.9581793278914013,0.031026787684663073,0.0016918739318591855,0.0416118372474768,0.0014627291483057143
0.359966797,0.207961871845704,0.0011326332614655136,0.0575543316907603,0.1763282863869287,4.661393557638025e-05,0.015144731479481144,0.17525054243166943,0.0014456680865653389,0.013679616169225904,0.12,0.03504254974024149,0.034603179621357005,0.2617993877991494,0.29156272849373926,0.23744518649382898,0.7720744283097644,0.9580845527580861,0.03271282719110668,0.001766036395575514,0.0438747155215344,0.0014651153102552394
0.37996444900000004,0.2103576166480699,0.001270671203080985,0.06076934451311148,0.1770288968330984,5.7225303952456623e-05,0.016083479150663497,0.17594364976925142,0.0015488945710330855,0.014609586554536886,0.12,0.03503865358132551,0.03459939934225395,0.2617993877991494,0.29156272849373926,0.23744518649382898,0.771983269572337,0.9579866975403607,0.034415091523616353,0.0018446783979711267,0.04615975795857459,0.0014738925961266106
0.39998376300000005,0.21275549991760503,0.001416568637342387,0.06398783992470652,0.1777301757562026,6.850528153625755e-05,0.017023136288073545,0.1766365854935535,0.0016527330200190357,0.015539521081344808,0.12,0.03503464882472021,0.03459560660086117,0.2617993877991494,0.29156272849373926,0.23744518649382898,0.7718916653975734,0.9578886646454849,0.03611968649902161,0.0019250239452898216,0.04844831884336172,0.0014836152067287372
0.41998040400000003,0.21515018600634592,0.0015700089021505586,0.06720269020907757,0.17843056931559498,8.042932838726265e-05,0.01796162170842213,0.17732934812925516,0.0017571825922780295,0.01646942005580358,0.12,0.035030636104369295,0.03459186105337565,0.2617993877991494,0.29156272849373926,0.23744518649382898,0.7718009531815049,0.9577920994872777,0.03782130103150153,0.002006038287075303,0.05073327015327399,0.0014922016526185515
0.43998218800000005,0.21754498220052865,0.0017311883616302265,0.07041836733106661,0.17913105225201795,9.301249112631233e-05,0.01890024229880223,0.1780219376956458,0.0018622427018716637,0.01739928572386031,0.12,0.03502667294406172,0.03458819839283274,0.2617993877991494,0.29156272849373926,0.23744518649382898,0.7717119366382476,0.9576979830033894,0.039523261785625,0.0020881356847127063,0.053019081607206316,0.0015009565749419217
0.459966609,0.21993716931651341,0.0018999212661627587,0.07363125301195876,0.17983083750649953,0.00010624017709160595,0.019837944245434738,0.17871435508538908,0.001967912930272105,0.018329121427993686,0.12,0.03502279407733415,0.034584491075885355,0.2617993877991494,0.29156272849373926,0.23744518649382898,0.7716233113948957,0.9576012423993718,0.0412228703027843,0.0021707967285269528,0.055302131583965075,0.0015088228174410523
0.48003864500000004,0.22233928727934002,0.0020771125552657074,0.07685822451394782,0.18053359791949286,0.00012018332811174617,0.020779649966361547,0.179406600807926,0.002074192721774646,0.019258926317003187,0.12,0.03501880523009358,0.03458013110146146,0.2617993877991494,0.29156272849373926,0.23744518649382898,0.7715185203605944,0.9574880347124782,0.04293268657070232,0.002255720550068845,0.057599298196944634,0.0015207236493583604
0.499955827,0.2247222933229643,0.0022606276638379953,0.08006030021339003,0.18123083063039622,0.00013467366546231853,0.021713966384261787,0.1800986650911503,0.002181080029410843,0.020188686282286632,0.12,0.03501415352783791,0.03457538507705546,0.2617993877991494,0.29156272849373926,0.23744518649382898,0.7714049197060026,0.9573643341467704,0.044623699133950014,0.0023387128542565923,0.05987161393110339,0.0015252801019751544
0.519940198,0.22711273637582274,0.0024524171955285457,0.0832731778558064,0.18193030129023574,0.0001498643353803029,0.02265130034250937,0.18079053708321316,0.002288572841163883,0.021118394716892783,0.12,0.03500913744885581,0.03457046629215484,0.2617993877991494,0.29156272849373926,0.23744518649382898,0.7712873489581568,0.9572359656495852,0.046322489055281746,0.0024234554917144336,0.06215478313891362,0.0015329056256165876
0.539863431,0.2294952397583864,0.002651275692338978,0.08647622637158665,0.1826275144425171,0.00016565982144452343,0.023585628531002625,0.1814822114109403,0.002396669842797098,0.02204804616327705,0.12,0.03500396015446503,0.03456549177272978,0.2617993877991494,0.29156272849373926,0.23744518649382898,0.7711684274993635,0.9571061611371254,0.04801370341091473,0.0025078127421150585,0.06442818020830961,0.0015375823677255748
0.5599885480000001,0.2319012295204201,0.00285985679979128,0.08971173168022577,0.1833316721519609,0.00018227090386895662,0.024529283435842736,0.18217368567334474,0.002505370204852941,0.022977639021106003,0.12,0.03499873366872716,0.034560527713645546,0.2617993877991494,0.29156272849373926,0.23744518649382898,0.771049640883465,0.9569767447988123,0.04972880732340958,0.0025957124353229305,0.06673409265911977,0.0015516444147367324
0.579906251,0.23428174223615644,0.0030739914921767914,0.09291389114058554,0.18402845305028281,0.0001993658687530126,0.025463073740949426,0.18286495912812437,0.0026146733866245753,0.02390717382992072,0.12,0.03499352171556547,0.03455561347913729,0.2617993877991494,0.29156272849373926,0.23744518649382898,0.7709318768300443,0.9568487971268201,0.051418834664940634,0.0026809379912236947,0.06900671731066482,0.0015558999110287068
0.5999290500000001,0.236674114176545,0.0032969179551213318,0.09613294683394195,0.18472879090043404,0.00021720247813795116,0.02640165280376782,0.18355603199636608,0.0027245790328377004,0.024836652329829588,0.12,0.03498836250974333,0.03455077428469428,0.2617993877991494,0.29156272849373926,0.23744518649382898,0.7708157079676446,0.9567230062670695,0.053121165521307995,0.002768086095866358,0.07129629450411237,0.0015650004739382328
0.6199731700000001,0.2390683028169876,0.0035277900076676944,0.09935543029413746,0.1854297556051668,0.0002357134060971522,0.027341094835280834,0.18424690509553998,0.002835086919055258,0.02576607696366007,0.12,0.03498328080626439,0.034546027872240696,0.2617993877991494,0.29156272849373926,0.23744518649382898,0.7707015405907087,0.956599853021326,0.05482577391794953,0.0028558497838633958,0.0735893533304774,0.0015750178716207631
0.6399862110000001,0.24145802395889804,0.0037660061466694276,0.10257291719856203,0.18612951601260644,0.00025485039052145533,0.028278946532491453,0.18493757964563168,0.002946196922932144,0.026695450613444218,0.12,0.034978294242786326,0.0345413880119203,0.2617993877991494,0.29156272849373926,0.23744518649382898,0.7705896926748106,0.9564797079212044,0.05652638952323391,0.002943477273640146,0.0758774665851178,0.0015834959190472349
0.6598969840000001,0.24383475861773415,0.00401065335077288,0.10577396252617968,0.18682558535718907,0.00027453974709803846,0.029211875632566473,0.18562805716625014,0.003057909009109042,0.02762477646040997,0.12,0.034973416665836934,0.034536866329575665,0.2617993877991494,0.29156272849373926,0.23744518649382898,0.770480434578523,0.9563628819002601,0.05821449832853293,0.0030300525105682826,0.0781491860657697,0.0015870991721565024
0.679951529,0.24622785419184515,0.004264728803013945,0.10899812200857385,0.18752656672816903,0.00029502255428238885,0.030151413435001974,0.18631833942133183,0.0031702232212545453,0.028554057909808393,0.12,0.03496865986559064,0.03453247325112756,0.2617993877991494,0.29156272849373926,0.23744518649382898,0.7703740100615014,0.9562496524948764,0.059919511868062277,0.0031187484830207464,0.08044406409876548,0.0015973555251935813
0.7000684340000001,0.24862755694082367,0.004527332683721891,0.11223230707795202,0.18822961519355172,0.0003162268852902197,0.031093748087107614,0.18700842838856446,0.0032831396778111,0.02948329854960155,0.12,0.034964034471416015,0.03452824554238868,0.2617993877991494,0.29156272849373926,0.23744518649382898,0.7702746214862614,0.9561376556331724,0.061631688438463235,0.0032084059486135836,0.08274900852835047,0.0016104495375060639
0.7202061900000001,0.25102888420942354,0.004797976489825568,0.115469844352497,0.18893328276866073,0.0003381136015759488,0.032036939791679556,0.18769832636911085,0.00339665926505827,0.03041249130578921,0.12,0.034959598902081994,0.0345242972647739,0.2617993877991494,0.29156272849373926,0.23744518649382898,0.7701786178742678,0.9560362453644272,0.06334605943805519,0.0032984570460134386,0.08505735304670779,0.0016244484858903459
0.7399605770000001,0.25338362474869025,0.005071092940214189,0.11864574757867011,0.18962345165010505,0.00036023206820514004,0.03296206548174603,0.18838803766096165,0.0035107835575838063,0.03134162581677882,0.12,0.03495543626552723,0.03452059394083728,0.2617993877991494,0.29156272849373926,0.23744518649382898,0.7700874403207572,0.9559422567211067,0.06501431308756585,0.003384113238619141,0.08730412176189127,0.0016204396649672076
0.7600251490000001,0.255774446544827,0.005356092330633123,0.1218715190969958,0.1903243579676899,0.00038334375901506073,0.03390161225209939,0.18907756707443324,0.0036255116583847414,0.03227073585829728,0.12,0.034951518358288504,0.034517275836700174,0.2617993877991494,0.29156272849373926,0.23744518649382898,0.7699994504567829,0.955864341378226,0.0667193273388708,0.0034736350152557694,0.08960078323869851,0.0016308763938021054
0.7798912760000001,0.2581406997881567,0.005645907473346145,0.12506538670882628,0.1910182416988879,0.0004068765524737074,0.03483177465479112,0.18976691973267656,0.0037408434210538175,0.033199857824079436,0.12,0.03494806356705449,0.03451520011976697,0.2617993877991494,0.29156272849373926,0.23744518649382898,0.7699444971236391,0.9558155088647093,0.06840031482470316,0.003561059076161593,0.09186552888474683,0.001631916830711684
0.800193249,0.2605579083527059,0.005949802695824546,0.12832932507089134,0.1917272817331644,0.0004315836679672228,0.035782284723795764,0.19045611426962983,0.0038567818344753995,0.03412902211344123,0.12,0.03494588304921045,0.034513995918429206,0.2617993877991494,0.29156272849373926,0.23744518649382898,0.7699093142702613,0.9557904816511988,0.07013303265931144,0.0036534708429382416,0.09420030295745009,0.0016532626103545332
0.8199797160000001,0.2629127601034972,0.006253669132144054,0.13151038578312038,0.19241826820684377,0.00045631930054623466,0.036708624027947175,0.19114517111938398,0.0039733315203490825,0.035058224202372694,0.12,0.03494454414869587,0.03451335256860032,0.2617993877991494,0.29156272849373926,0.23744518649382898,0.7698866904276904,0.9557809380023253,0.07180380747715523,0.003740341047062574,0.0964521615807477,0.0016503998255744804
0.839880929,0.2652802839435164,0.006566830564457336,0.13470989415417023,0.1931132227668392,0.00048184159119416117,0.037640314260139744,0.19183410294408934,0.004090494822570202,0.03598748114154715,0.12,0.034943752257295534,0.03451310425582618,0.2617993877991494,0.29156272849373926,0.23744518649382898,0.7698729361215771,0.9557822766697319,0.0734879156195571,0.0038286454086624926,0.09872241301262308,0.0016528331185925935
0.8598667720000001,0.267656857298299,0.006888929219211562,0.13792300844931335,0.19381110040602148,0.0005081223374819444,0.03857595573632924,0.19252291814666914,0.004208273416067168,0.03691680441999845,0.12,0.03494334991831895,0.03451316246175713,0.2617993877991494,0.29156272849373926,0.23744518649382898,0.769866089795998,0.9557920332918587,0.07518174464573002,0.003917975438624584,0.1010062040293149,0.0016591513163307925
0.8799237620000001,0.27004084001101053,0.007219836207167485,0.1411475610131728,0.19451143547262092,0.0005351518409159755,0.03951492536973154,0.1932116228504556,0.004326668642826982,0.037846202356267525,0.12,0.03494325298683124,0.034513479337278476,0.2617993877991494,0.29156272849373926,0.23744518649382898,0.7698650966643742,0.9558088701995493,0.07688367205108677,0.004008130800250134,0.10330135865690528,0.0016687230134640183
0.899892173,0.27241321953253655,0.007556933390630644,0.1443578727741225,0.1952086552793291,0.0005627167779383692,0.04044975252881436,0.19390022195132772,0.004445681682925675,0.03877568151354576,0.12,0.03494341591819544,0.034514028229494405,0.2617993877991494,0.29156272849373926,0.23744518649382898,0.7698693741969596,0.9558320372777607,0.07857461852516753,0.004097488770843409,0.10558219126057672,0.0016740710152685979
0.9199146100000001,0.2747909203296132,0.007902577544080757,0.1475768702689143,0.1959077432713449,0.000591010146932949,0.04138711959053728,0.19458871966875083,0.004565313644186129,0.03970524744932273,0.12,0.03494381327998668,0.03451479341655007,0.2617993877991494,0.29156272849373926,0.23744518649382898,0.76987858330916,0.9558610875183431,0.08027160345466369,0.004187470782283629,0.10787162281959158,0.0016818721412145477
0.939900378,0.27716314373195505,0.008255226681466762,0.15078997250634377,0.19660553649262727,0.0006199062989946006,0.04232278647573248,0.19527711983144078,0.004685565608440481,0.040634905106469915,0.12,0.03494443000147111,0.03451576471694138,0.2617993877991494,0.29156272849373926,0.23744518649382898,0.7698925082376219,0.955895727609447,0.08196379316754365,0.004277180899401126,0.11015506739987385,0.0016878813692625672
0.9599363120000001,0.2795401734033433,0.008616400489173967,0.15401113990728574,0.19730507036369282,0.000649530211395665,0.04326082414458688,0.19596542602341305,0.004806438654802368,0.041564659014780965,0.12,0.034945256253869544,0.034516934670043124,0.2617993877991494,0.29156272849373926,0.23744518649382898,0.769910993716596,0.95593573978556,0.0836615455797855,0.004367440298997752,0.1124464808925048,0.0016961651298059157
0.979960794,0.2819146693694304,0.008985018407810555,0.15723046617573666,0.19800419689631782,0.000679793883210545,0.044198353249241325,0.19665364165688382,0.004927933870805908,0.042494513393030314,0.12,0.03494628477425723,0.03451829707131949,0.2617993877991494,0.29156272849373926,0.23744518649382898,0.7699339123388396,0.955980941227135,0.08535749985525605,0.004457655528298409,0.11473595278270635,0.0017038398562110105
0.999963327,0.2842853649411291,0.009360866258302772,0.1604462637140928,0.19870255293492595,0.0007106801847911293,0.04513488754046948,0.19734177000706712,0.005050052357170403,0.04342447219913787,0.12,0.034947509476864716,0.03451984622093475,0.2617993877991494,0.29156272849373926,0.23744518649382898,0.769961147809974,0.9560311632367635,0.08705039814124026,0.004547733614359096,0.11702179151495494,0.0017104153413316084
1.019902231,0.28664730219566814,0.00974311599447825,0.1636518316489498,0.19939868652082543,0.0007421214490791278,0.046068480478070904,0.19802981422731755,0.005172795229243665,0.04435453915351604,0.12,0.03494892474246327,0.03452157654785871,0.2617993877991494,0.29156272849373926,0.23744518649382898,0.7699925865689505,0.9560862408239846,0.08873526359750049,0.00463731403963232,0.11929729249543378,0.0017139413245548657
1.0405088230000001,0.28908705402393414,0.010145988857770048,0.16696474346004436,0.200118133612282,0.0007752887503960112,0.047033380538820904,0.19871777735433627,0.005296163616742585,0.0452847177488009,0.12,0.034950525064457616,0.03452348243117813,0.2617993877991494,0.29156272849373926,0.23744518649382898,0.77002811380207,0.9561460077568364,0.09049932027730835,0.00473279063622425,0.12168002571124346,0.0017486627900200058
1.06032448,0.2914318654577026,0.010541168712758274,0.17015049703442964,0.20080997057151168,0.0008078521965339734,0.047961292457251475,0.19940566230854195,0.005420158662648416,0.04621501125290096,0.12,0.034952304882261365,0.034525558124643016,0.2617993877991494,0.29156272849373926,0.23744518649382898,0.7700676117556435,0.9562102944765072,0.09216857821396571,0.00482135381763319,0.1239354857815287,0.001746281204350518
1.081044257,0.29388233371349937,0.01096218797113077,0.1734816055431314,0.20153338218823716,0.0008425745805341077,0.04893159602347611,0.2000934718922829,0.005544781521710949,0.04714542270899657,0.12,0.034954258512682024,0.03452779773466919,0.2617993877991494,0.29156272849373926,0.23744518649382898,0.7701109592405915,0.9562789274928682,0.09394519090596096,0.00491773238170264,0.12633618283413486,0.0017861733144795416
1.100481112,0.29617974611027176,0.011364793813298173,0.17660645930352192,0.2022120110479916,0.0008758075011901295,0.04984187582267832,0.20078120878728237,0.005670033358801115,0.04807595493437858,0.12,0.03495638013172675,0.03453019522542222,0.2617993877991494,0.29156272849373926,0.23744518649382898,0.7701580317380281,0.9563517295330831,0.09556835888514516,0.005003178657917031,0.12853050436914334,0.0017659208882997435
1.120699439,0.2985682072058237,0.011791052358328316,0.17985694993869694,0.20291793899774785,0.0009110214388677513,0.050788815899691434,0.20146887555202547,0.005795915347236429,0.04900661051908908,0.12,0.03495866378198506,0.0345327444368541,0.2617993877991494,0.29156272849373926,0.23744518649382898,0.7702087017939817,0.9564285200487231,0.09728423240893701,0.0050952893309159815,0.13085033941960786,0.0017822053806023502
1.1398862120000002,0.3008334804199991,0.012202928289344415,0.18294159813712246,0.20358786478466004,0.0009450754621900162,0.0516875051046356,0.20215647461943942,0.005922428667142655,0.049937391824843635,0.12,0.034961103392063875,0.034535439108406465,0.2617993877991494,0.29156272849373926,0.23744518649382898,0.770262839538363,0.95650911588196,0.0988766714107436,0.005179085124994821,0.13300420631227883,0.001750113279791965
1.160795162,0.30330068501011026,0.012659386226081605,0.1863031198973721,0.20431794256523453,0.0009828450022038848,0.0526669318893806,0.20284400829502347,0.00604957450388159,0.05086830098445271,0.12,0.034963692801046005,0.03453827290406045,0.2617993877991494,0.29156272849373926,0.23744518649382898,0.770320313233586,0.9565933319694366,0.10067389685336707,0.005276763219633208,0.13543481891291936,0.001798630904927885
1.18045218,0.3056187090854084,0.013096308097966754,0.18946336915659454,0.20500432517880104,0.001019028129739435,0.05358778706589217,0.20353147875548153,0.0061773540465566885,0.05179933990182085,0.12,0.034966425783951545,0.03454123943667185,0.2617993877991494,0.29156272849373926,0.23744518649382898,0.7703809898059925,0.9566809820276,0.10232142748027445,0.005364476008968038,0.1376640292547737,0.0017884471640713245
1.200356094,0.3079644381543381,0.013546133116676838,0.19266331176610565,0.20569935190802024,0.0010563087666020038,0.05452028490371722,0.20421888804785562,0.006305768486597873,0.052730510252530005,0.12,0.03496929607625097,0.03454433229041439,0.2617993877991494,0.29156272849373926,0.23744518649382898,0.7704447353333626,0.956771879187357,0.10399789443480655,0.005454227772390207,0.13993280151357565,0.0017897746511872162
1.220475833,0.31033413561234724,0.014008420992864402,0.1958979524562906,0.20640193990115108,0.0010946520630117618,0.05546297503860931,0.2049062380891268,0.006434819016421183,0.05366181348497273,0.12,0.034972297396216045,0.03454725412106484,0.2617993877991494,0.29156272849373926,0.23744518649382898,0.7705170289195612,0.9568456771336806,0.10569957910542621,0.005545674620889576,0.14223613897131787,0.0018011615536365766
1.2403944820000001,0.31267865608387846,0.014473674559812535,0.199100264004612,0.2070975349335977,0.0011332714406146378,0.05639633087401872,0.20559353057968194,0.006564508929618951,0.05459323240762309,0.12,0.0349755789088789,0.03454912303588217,0.2617993877991494,0.29156272849373926,0.23744518649382898,0.770609617820391,0.9568465339737177,0.10737680850730923,0.005635633926947655,0.1445070315969889,0.0018030984663956334
1.26001713,0.3149868562322216,0.014939408179436616,0.2022549876155881,0.20778283926154975,0.001171961117043475,0.05731592660099466,0.20628076967996667,0.006694896690395497,0.055524251241095175,0.12,0.034979763949263463,0.034553185663686974,0.2617993877991494,0.29156272849373926,0.23744518649382898,0.7707154243611714,0.9569438588231773,0.10901827930764306,0.005723550504303636,0.14673073637449294,0.0017916753598994845
1.2802837660000002,0.3173692789569891,0.015427944832109866,0.20551324486528538,0.2084906781287357,0.0012125760422498234,0.05826581067750405,0.20696796612131513,0.006825944222654292,0.05645525197633519,0.12,0.03498375985865319,0.0345572059009788,0.2617993877991494,0.29156272849373926,0.23744518649382898,0.7708027763835782,0.9570575186653617,0.11073592140911376,0.0058162319577472294,0.1490579928889502,0.001810558701168856
1.3001695640000002,0.3197053584057194,0.015914915327534154,0.20871027497425446,0.20918525490159723,0.001253091980628437,0.05919794891701013,0.20765511987813476,0.006957634959190225,0.05738639360974839,0.12,0.03498765570800315,0.03456115094677099,0.2617993877991494,0.29156272849373926,0.23744518649382898,0.7708859350831397,0.9571716122554096,0.11240769024264191,0.005906193679882594,0.15132388136450606,0.001811555307261736
1.3204833100000002,0.3220901083890952,0.01641999225152227,0.21197610607582504,0.2098948183820714,0.0012951458192303265,0.06015025186149719,0.2083422292510193,0.007089967041410568,0.05831769611535153,0.12,0.03499150745532745,0.034565069833453047,0.2617993877991494,0.29156272849373926,0.23744518649382898,0.7709681552231216,0.9572853364495307,0.11412987943054893,0.005999207114852066,0.1536584099604735,0.0018325557461456585
1.3401207110000002,0.3243938513922475,0.016915778934610784,0.21513320151946272,0.21058079352631293,0.0013364572312385833,0.06107094935509079,0.2090292932508902,0.00722294067985903,0.05924916227460688,0.12,0.034995362415755994,0.034568999620221134,0.2617993877991494,0.29156272849373926,0.23744518649382898,0.7710506698662865,0.9573993111447701,0.11577103432458134,0.006087515133083388,0.15588403924485583,0.0018217870804839093
1.3600651890000002,0.32673201746125424,0.017426702757227765,0.2183396655835989,0.2112775338704124,0.0013790608043072528,0.06200614786242876,0.20971631153108372,0.007356556510523272,0.06018079284581865,0.12,0.03499924484910439,0.03457295524106658,0.2617993877991494,0.29156272849373926,0.23744518649382898,0.7711335446631272,0.9575142173902018,0.11744821531111557,0.006178015062352135,0.15815887273778026,0.0018253550166101096
1.380047384,0.3290729518391192,0.017946101566996716,0.22155219339154963,0.2119756297811878,0.0014224026031214036,0.06294321987259804,0.21040328405356576,0.007490815061821822,0.061112590607702855,0.12,0.03500316509074693,0.034576944624458615,0.2617993877991494,0.29156272849373926,0.23744518649382898,0.7712176102289836,0.9576296209939471,0.11912935435164129,0.006268803781909414,0.16043960278384678,0.0018306292648951894
1.400167246,0.3314283218067025,0.01847664818243488,0.22478685385638503,0.21267857363826947,0.0014667066770176801,0.06388685471903223,0.21109021088382252,0.007625717442125164,0.062044553433116156,0.12,0.035007130672018126,0.034580971763811474,0.2617993877991494,0.29156272849373926,0.23744518649382898,0.7713027620868325,0.9577458261037413,0.12082633669204064,0.006360527481618502,0.16274230042326887,0.0018423012859160731
1.4201991120000002,0.33377166945719033,0.01901245712909153,0.2280073672469381,0.21337848131399476,0.0015114825115695645,0.06482647008359564,0.2117770921415502,0.007761264619038207,0.06297668069684786,0.12,0.035011139552580804,0.03458503349913978,0.2617993877991494,0.29156272849373926,0.23744518649382898,0.7713888737289964,0.9578628012279926,0.12251231051335201,0.006451683785839003,0.16503068655009023,0.0018497893867477772
1.4401479190000002,0.3361035702591441,0.019553557138574117,0.23121452728230668,0.21407552527022902,0.001556732816212485,0.06576229761499448,0.2124639278860673,0.007897457467519709,0.06390897248405497,0.12,0.03501518556274747,0.03458912073725543,0.2617993877991494,0.29156272849373926,0.23744518649382898,0.7714754031837875,0.957980633678984,0.12418786505002768,0.006542326438839018,0.1673055547982517,0.0018533251309395121
1.4601391220000002,0.33843867581188425,0.020103298987024856,0.23442850330205267,0.2147740891694405,0.0016027383220779412,0.06670022316129037,0.21315071805209682,0.008034296549996907,0.06484143143753991,0.12,0.035019261146945854,0.034593228201813056,0.2617993877991494,0.29156272849373926,0.23744518649382898,0.7715628762760519,0.958098533814601,0.1258679195801824,0.006633270311372649,0.16958707186451277,0.001858791723750461
1.480308205,0.34079276418932836,0.020665501265265843,0.23767107700320844,0.2154789075945472,0.0016498197094762881,0.06764660520891166,0.21383746243572108,0.008171782993948282,0.06577405465386138,0.12,0.03502336606075489,0.03459735208465669,0.2617993877991494,0.29156272849373926,0.23744518649382898,0.7716507626956024,0.9582168415372322,0.12756857622311435,0.006725351090718937,0.17189702234934706,0.0018725505550502841
1.500060474,0.3430964055823196,0.02122355772641824,0.2408466397195478,0.21616919757606862,0.0016965868415587367,0.06857353846831876,0.21452416077212866,0.008309917475929041,0.06670684315963937,0.12,0.03502748994895408,0.03460148469727133,0.2617993877991494,0.29156272849373926,0.23744518649382898,0.7717392299127696,0.9583350049507968,0.12921913263929116,0.0068148578976980675,0.17413979655990844,0.0018666953086793892
1.520042863,0.34542508056822263,0.021795513441618907,0.24405919871678453,0.2168675680385941,0.0017445517812430238,0.06951138163576313,0.21521081265109046,0.008448700916344606,0.0676397953523507,0.12,0.03503163060666789,0.03460562072698386,0.2617993877991494,0.29156272849373926,0.23744518649382898,0.7718279011577257,0.958453135191467,0.1308964971791816,0.0069058275419898564,0.17641940336443385,0.001871586283412427
1.539980206,0.3477466607713145,0.022373640989454817,0.2472645156904279,0.21756440156827261,0.0017930678082769614,0.07044722154391976,0.215897417574027,0.008588134115606456,0.06857291045472269,0.12,0.03503578270174822,0.03460975596205357,0.2617993877991494,0.29156272849373926,0.23744518649382898,0.7719168613542003,0.9585709367484779,0.1325679566541869,0.006996553562867617,0.1786916052357052,0.00187431108919707
1.560034917,0.3500800317677608,0.02296265408979281,0.25048870186056166,0.21826537427722623,0.0018425312409757703,0.0713886820796899,0.21658397494555337,0.008728217882539312,0.06950618719446154,0.12,0.035039932042054016,0.034613853452276175,0.2617993877991494,0.29156272849373926,0.23744518649382898,0.772002284437858,0.9586903881759505,0.13425280764742467,0.00708800283848395,0.1809825146661001,0.0018824948852283613
1.58008966,0.3524114952716398,0.02355918828993845,0.25371289317531986,0.21896638419501208,0.001892660602901695,0.07233025555882198,0.21727048398428958,0.008868952413166039,0.07043962964322684,0.12,0.035044079728972596,0.03461799412944922,0.2617993877991494,0.29156272849373926,0.23744518649382898,0.7720941780075665,0.9588055284648943,0.13593710296266773,0.007179465505641068,0.18327326353209303,0.0018906259155951483
1.600041394,0.3547290579534812,0.024160133833289313,0.25692052378306013,0.21966382926066894,0.0019431951400952984,0.07326710434103592,0.21795694402987437,0.009010340874231625,0.07137321475886022,0.12,0.03504825449488699,0.03462211485760625,0.2617993877991494,0.29156272849373926,0.23744518649382898,0.7721834932287772,0.9589222496515353,0.13760860210697004,0.007270351161988388,0.1855473090241999,0.0018938895821757062
1.6200637690000002,0.3570528797873736,0.024770664171233296,0.260139511310142,0.22036377884203007,0.0019945703806265843,0.07420738157394774,0.21864335433441331,0.009152382092422404,0.07230695879336119,0.12,0.03505240918150006,0.03462620280461385,0.2617993877991494,0.29156272849373926,0.23744518649382898,0.7722726336677092,0.9590375065629835,0.1392879300987956,0.0073616661828644295,0.18783255251678083,0.0019004227805865526
1.640011008,0.3593660113377186,0.02538635255053843,0.2633464192589104,0.22106113547801462,0.002046414589675924,0.07514424064522479,0.21932971374787757,0.009295076836182366,0.07324085903561771,0.12,0.03505653743395578,0.03463028432990139,0.2617993877991494,0.29156272849373926,0.23744518649382898,0.7723634026480268,0.9591508138470423,0.14095777309813726,0.007452578451215296,0.19010556022329267,0.0019033816096070827
1.6600822640000001,0.3616915255118767,0.026013329740396413,0.2665732653606774,0.2217628616682931,0.0020992447467619137,0.07608703604396522,0.22001602117469832,0.009438426555953847,0.07417490731232097,0.12,0.035060689069397646,0.034634349223723875,0.2617993877991494,0.29156272849373926,0.23744518649382898,0.7724537636169218,0.959263697569272,0.1426417748934985,0.007544205812306304,0.19239835804835642,0.0019121287316442442
1.680150403,0.36401464359477753,0.02664770919702722,0.2697996103438647,0.22246451021897923,0.002152734366551301,0.07702979446631583,0.22070227547717428,0.009582430784514942,0.07510911110801932,0.12,0.03506475943261099,0.03463830725595386,0.2617993877991494,0.29156272849373926,0.23744518649382898,0.7725396144331342,0.9593757483645589,0.14432483702666005,0.007635827404304403,0.19469049923584536,0.00192068335829651
1.7001844380000002,0.36633175843146076,0.02728848971663749,0.2730204724434968,0.2231649972615931,0.002206799715652002,0.0779710603151106,0.2213884753234714,0.009727091455084779,0.07604345734712761,0.12,0.03506884131061503,0.034642244644858156,0.2617993877991494,0.29156272849373926,0.23744518649382898,0.7726253685889253,0.9594868636539824,0.14600328087760092,0.0077272775311107225,0.1969770150963692,0.001927602967982986
1.7202149000000002,0.36864638450812076,0.027936614395605373,0.2762407601136501,0.22386538928078964,0.0022615209613491426,0.07891226727296191,0.22207461936791767,0.009872408669133727,0.07697794808088132,0.12,0.03507290233383953,0.03464620306997879,0.2617993877991494,0.29156272849373926,0.23744518649382898,0.7727154813243525,0.9595946721745867,0.1476807294972609,0.007818725508761257,0.1992628120327688,0.0019343191920805913
1.740049624,0.3709363133881301,0.028585783172695108,0.2794295790803866,0.22455896651217022,0.0023163666044368294,0.07984438527984002,0.22276070631645473,0.010018387069714226,0.07791254477702361,0.12,0.03507698680676272,0.03465027134143386,0.2617993877991494,0.29156272849373926,0.23744518649382898,0.772807884069899,0.9597056830017938,0.14933438562201448,0.007909162975880986,0.201517034303363,0.0019318405028164035
1.7600890290000002,0.3732477695899274,0.029249025109570843,0.28265130451231674,0.22525973064376484,0.0023724378902570675,0.08078623179599967,0.22344673541293833,0.010165028862530517,0.078847232127933,0.12,0.03508107203022828,0.03465510960455147,0.2617993877991494,0.29156272849373926,0.23744518649382898,0.7729002363032946,0.9598552439242788,0.15101175038139414,0.008000714078640564,0.20380407238438375,0.001938999668066668
1.7801393040000002,0.37555832965669017,0.029920074269446803,0.2858747775088799,0.22596090297909038,0.002429206513370383,0.08172869839292914,0.22413270562691234,0.010312334839582436,0.0797820067918506,0.12,0.03508513697869277,0.034659038031122726,0.2617993877991494,0.29156272849373926,0.23744518649382898,0.7729921038256007,0.9599597977305354,0.1526898263092767,0.008092343156715344,0.2060927707170293,0.0019466916010785343
1.8001369610000002,0.3778606567121712,0.030596787384918354,0.28908979113507866,0.22666026187212138,0.002486491809483044,0.0826687996394834,0.22481861558487778,0.010460305698797624,0.08071686508388928,0.12,0.0350891668598912,0.034662916240011235,0.2617993877991494,0.29156272849373926,0.23744518649382898,0.7730831928015939,0.9600626191989681,0.1543610839787789,0.008183725862267396,0.20837292605118937,0.0019519345555941148
1.819978719,0.380142864657513,0.03127556576248994,0.29227974095458686,0.2273541937001757,0.0025439893623806767,0.08360167789494921,0.22550446367052301,0.01060894207084477,0.0816518030131919,0.12,0.03509315098666821,0.03466673462281159,0.2617993877991494,0.29156272849373926,0.23744518649382898,0.7731732832595629,0.9601634478810165,0.15601328275062087,0.00827435576781427,0.21062793794139495,0.0019498748817573103
1.8400497740000001,0.38244924441359757,0.03196954905020717,0.29550655474168125,0.228056168841375,0.002602812769570963,0.08454544243411019,0.2261902480852758,0.010758244530188654,0.08258681636039407,0.12,0.03509708095095699,0.03467048535587657,0.2617993877991494,0.29156272849373926,0.23744518649382898,0.7732621944867991,0.9602620733070293,0.15769208405299054,0.0083661656372638,0.2129197383812872,0.0019586260737161215
1.8601620810000001,0.3847581084819271,0.032672412601113934,0.2987400005928273,0.22875960833706552,0.0026624274813243248,0.08549125093239472,0.2268759668815507,0.010908213600453262,0.08352190072561008,0.12,0.03510094958105318,0.034674161595227855,0.2617993877991494,0.29156272849373926,0.23744518649382898,0.7733497669666085,0.960358312794784,0.159375189394277,0.00845819684420701,0.2152180998672172,0.0019693502067846397
1.8802461140000002,0.38706144521035846,0.03338173947196296,0.3019689008466933,0.22946207837110105,0.0027226292614565308,0.08643583207774991,0.22756161798107763,0.011058849756708228,0.08445705155680056,0.12,0.035104750388900145,0.034677757056889205,0.2617993877991494,0.29156272849373926,0.23744518649382898,0.7734358530241193,0.9604519998203407,0.16105435818819017,0.008550106539657997,0.21751184928989276,0.0019787805209493525
1.900230048,0.3893510112140895,0.034094927536525585,0.3051817082328314,0.2301610645943528,0.0027831976309767546,0.08737580520390285,0.2282471991854324,0.011210153426155818,0.0853922641675202,0.12,0.03510847728532402,0.034681265803667836,0.2617993877991494,0.29156272849373926,0.23744518649382898,0.7735203120849568,0.9605429780984353,0.16272108387129042,0.008641554534767688,0.2197894440653112,0.0019835410363826522
1.9200775520000002,0.3916226589621083,0.03481054872497199,0.3083725818339755,0.2308552941098591,0.002844011334090463,0.08830945812848645,0.2289327081826091,0.011362124988019424,0.08632753374923412,0.12,0.03511212443822905,0.034684682141632846,0.2617993877991494,0.29156272849373926,0.23744518649382898,0.7736030083826378,0.9606310986990044,0.1643710700226276,0.008732387810267632,0.22204504808474135,0.001981924379252334
1.940000672,0.39390065758466536,0.03553616880967431,0.3115756121828005,0.23155218192131852,0.0029057135988288015,0.08924676320049693,0.22961814255167667,0.011514764773063681,0.08726285538097864,0.12,0.035115686207131055,0.034688000575068934,0.2617993877991494,0.29156272849373926,0.23744518649382898,0.773683809969345,0.9607162187841015,0.16602943292517217,0.008823620028305819,0.22431275680182186,0.0019839078195182935
1.9602503670000002,0.3962136224601988,0.03628109538987413,0.3148311458361365,0.2322605038626736,0.0029690974125279445,0.09019952651612795,0.2303034997666113,0.011668073062979836,0.08819822403786605,0.12,0.03511915711839305,0.03469121579277281,0.2617993877991494,0.29156272849373926,0.23744518649382898,0.7737625884279581,0.9607982012106822,0.16772587659709953,0.008916391781385537,0.2266329217982704,0.0020013024782618988
1.980078122,0.3984760058184952,0.03701786919790485,0.3180188444001198,0.23295407379634628,0.003031827307020752,0.0911325268859707,0.23098877719988753,0.011822050089763933,0.089133634599217,0.12,0.03512253186236904,0.03469432267112106,0.2617993877991494,0.29156272849373926,0.23744518649382898,0.7738392189577676,0.9608769145982855,0.16937178351446827,0.009007241935371205,0.22888520980090277,0.001998892286753706
2.000043415,0.4007517060413415,0.03776701178088179,0.32122865488172025,0.23365246062205,0.0030956498460812274,0.09207208670292379,0.2316739721261424,0.011976696035159506,0.0900690818567511,0.12,0.0351258053024216,0.03469731628628659,0.2617993877991494,0.29156272849373926,0.23744518649382898,0.7739135806679616,0.9609522336463678,0.17103338999202153,0.009098758054865536,0.23115957302496914,0.00200300484617269
2.020093712,0.40303466864664333,0.03852667568271197,0.32445213141521273,0.234353823595526,0.003160408895384737,0.09301573185682604,0.23235908172608158,0.012132011030205607,0.09100456052305382,0.12,0.035128972490326614,0.034700191931267756,0.2617993877991494,0.29156272849373926,0.23744518649382898,0.7739855569784738,0.961024039584914,0.172704470969331,0.009190682237529325,0.2334475708921589,0.0020111713337722242
2.040271072,0.4053296226630684,0.0392985554642174,0.32769603580564793,0.23505963084376175,0.0032262500670671413,0.09396543970763258,0.2330441030907185,0.012287995154915113,0.091940065240443,0.12,0.035132028685190324,0.034702945135563934,0.2617993877991494,0.29156272849373926,0.23744518649382898,0.7740550360812514,0.9610922206969453,0.17438999576391134,0.0092831878231793,0.23575597056520495,0.002025374467189575
2.060184461,0.4075920698060535,0.04006768029823272,0.330897501706318,0.23575620056376934,0.003291896870488094,0.09490280135253079,0.2337290332259951,0.01244464843809796,0.09287559059028973,0.12,0.035134966567734856,0.03470563570255168,0.2617993877991494,0.29156272849373926,0.23744518649382898,0.7741138887452707,0.9611678963823131,0.17604370871458244,0.00937455431867156,0.23802191111602825,0.002027210762241063
2.080108333,0.40985323274907637,0.040844453026836515,0.33410065295381863,0.23645314121900518,0.0033582377781201734,0.0958407454282492,0.23441387317277407,0.012601968441054996,0.09381120161290267,0.12,0.03513829987704549,0.03470904844761415,0.2617993877991494,0.29156272849373926,0.23744518649382898,0.7741982252479385,0.961254197132769,0.17769807771644913,0.009466000778219952,0.24028945134091595,0.0020295438153465355
2.100053349,0.4121142929585003,0.04162929662910364,0.33730720351195415,0.2371508390749502,0.0034253111529295396,0.09677979279895152,0.23509863537024095,0.012759961214095141,0.09474686392804449,0.12,0.03514233829819945,0.03471293357956049,0.2617993877991494,0.29156272849373926,0.23744518649382898,0.7742938111035227,0.9613528678745017,0.1793543463613529,0.009557574577791234,0.24256033958390966,0.0020329288709070303
2.120180448,0.4143934436060527,0.04242861757190753,0.3405430274657729,0.23785493074311173,0.003493666545078938,0.0977275317220795,0.23578332779609615,0.012918630832960071,0.09568256493411612,0.12,0.03514674234398398,0.03471714709812982,0.2617993877991494,0.29156272849373926,0.23744518649382898,0.7744036146996167,0.9614537402068744,0.18103152429060232,0.009649947699232279,0.2448604625316568,0.0020449667879633843
2.140023276,0.41663784230917267,0.0432239157003943,0.3437331493086628,0.23854910728187229,0.0035617235060711417,0.09866201083746073,0.23646795605285176,0.013077982489012884,0.0966182717123845,0.12,0.035151476767472566,0.03472163726272234,0.2617993877991494,0.29156272849373926,0.23744518649382898,0.7745129680633615,0.9615688950727553,0.18267447879438628,0.009741169101728654,0.24711487759627826,0.00204373912507623
2.160231693,0.4189209968812515,0.04404115427883781,0.3469820467179396,0.23925610702136912,0.003631704739788636,0.09961383976996814,0.2371525250114103,0.013238014212072586,0.09755403653675532,0.12,0.03515637999979578,0.03472622552261375,0.2617993877991494,0.29156272849373926,0.23744518649382898,0.7746246213151524,0.9616866548155348,0.18436000326499785,0.009833933035663543,0.24942801018118424,0.0020598032332128234
2.180048674,0.42115731136004725,0.04484983279943251,0.3501680131511633,0.2399494440714592,0.0037010000612806735,0.1005473630918143,0.23783703578885163,0.013398726851874007,0.09848986093409424,0.12,0.03516132419141335,0.03473081147402089,0.2617993877991494,0.29156272849373926,0.23744518649382898,0.7747363622516473,0.9618042114493972,0.18599864381447423,0.009925128395009346,0.2516781522170691,0.002057502157720062
2.200050071,0.4234118250386238,0.045673223820281245,0.3533836280553499,0.24064926549290155,0.003771603348072015,0.10148970543690503,0.23852148761231823,0.013560120873732828,0.09942574305617966,0.12,0.0351662387382455,0.03473534074920836,0.2617993877991494,0.29156272849373926,0.23744518649382898,0.7748469672361055,0.9619200702243124,0.18765843507412275,0.010017111063538657,0.25395788499917027,0.0020639623807253704
2.2200316890000003,0.42566145254151166,0.046503038818928935,0.35659606309929015,0.24134842442800164,0.0038428054147154017,0.10243124564394482,0.2392058786955135,0.013722196475103393,0.10036167971599148,0.12,0.035171084644311075,0.034739783063628606,0.2617993877991494,0.29156272849373926,0.23744518649382898,0.7749557459897999,0.9620334071916301,0.1893152520084191,0.010109048913714749,0.2562343833832987,0.0020695659279533346
2.240292022,0.4279397444564959,0.047351751781725085,0.3598533070187315,0.24205736317606935,0.003915677935599674,0.10338604806094337,0.23989020668764421,0.01388495368683257,0.10129766702883658,0.12,0.03517583972018796,0.034744121126089635,0.2617993877991494,0.29156272849373926,0.23744518649382898,0.7750622972481088,0.9621437590563726,0.1910043330131625,0.010202108911859516,0.25855563998989495,0.0020883810321067897
2.260265129,0.430183000376405,0.04819574403545405,0.3630643737533258,0.24275627495749835,0.003988194214564071,0.10432743892877272,0.24057446891513154,0.014048392427687774,0.1022337007488865,0.12,0.03518049093233691,0.03474834480371059,0.2617993877991494,0.29156272849373926,0.23744518649382898,0.7751663790368355,0.9622508611486941,0.19265886126707266,0.01029406944283191,0.2608306730044393,0.002093738179886215
2.280125217,0.4324108564257607,0.049042118655019604,0.3662572704780524,0.2434512533811753,0.004060963738423383,0.10526362366400588,0.24125866251492914,0.014212512534374286,0.10316977645474781,0.12,0.03518503037006313,0.03475244803558694,0.2617993877991494,0.29156272849373926,0.23744518649382898,0.7752678399653582,0.9623545618139889,0.19429941507746093,0.010385634196490759,0.2630874940233046,0.0020938472092580647
2.3001190350000003,0.4346509819676807,0.049901349284573876,0.3694716669100813,0.24415093056243226,0.00413488753163773,0.10620623076836533,0.2419427845105661,0.01437731377859774,0.10410588965589516,0.12,0.03518945311040554,0.034756409503160515,0.2617993877991494,0.29156272849373926,0.23744518649382898,0.775368206235861,0.9624522689221647,0.19595511339538993,0.010477748060093226,0.26536577725418614,0.0021003411124701638
2.320221836,0.43690052947024216,0.05077249886390924,0.37270358448621344,0.24485442848525982,0.004209885593451222,0.10715408000442704,0.24262682957492315,0.014542795280857432,0.10504201910011689,0.12,0.035193319646328255,0.0347593394982361,0.2617993877991494,0.29156272849373926,0.23744518649382898,0.7754465396370286,0.962520435274776,0.19762302976306245,0.010570298932075015,0.26766156538609653,0.0021120609043101535
2.3402158720000004,0.43913509400009126,0.05164616161928924,0.3759180159659967,0.2455540966100754,0.004285146155585511,0.10809686489919643,0.24331077527994563,0.014708952216918123,0.10597812096450968,0.12,0.0351957066385981,0.034760542516314004,0.2617993877991494,0.29156272849373926,0.23744518649382898,0.7754848040967246,0.9625423217189755,0.19927749807904502,0.01066246797859153,0.26993989500148713,0.002118743934686751
2.360188963,0.4413645007695702,0.05252607996729618,0.37912908012827873,0.24625296825578183,0.004360987620617892,0.10903867248758374,0.2439945856665765,0.01487577600895677,0.10691415710895819,0.12,0.03519609229052642,0.03475997448019709,0.2617993877991494,0.29156272849373926,0.23744518649382898,0.77548187956259,0.9625168444472645,0.20092891473334115,0.010754583523817732,0.27221492301932054,0.002124515378625555
2.380059325,0.44357961850333605,0.05340858999223356,0.38232362859900715,0.246948156413886,0.004437091865929778,0.10997561234038777,0.24467822792827068,0.015043258714652149,0.10785009703127746,0.12,0.035195203130177134,0.03475838431115379,0.2617993877991494,0.29156272849373926,0.23744518649382898,0.775456129679045,0.9624630858786443,0.20256767219063676,0.010846351946748977,0.2744735315677297,0.002125515309110315
2.4000756030000003,0.44580815142617947,0.054304704357377984,0.38554163591435325,0.24764834468417668,0.004514407452600794,0.11091938831134583,0.24536168243119372,0.015211395546013116,0.10878591377310824,0.12,0.03519355471160146,0.03475616947224857,0.2617993877991494,0.29156272849373926,0.23744518649382898,0.7754164049949155,0.9623920686175129,0.20422309792572074,0.010938664385098487,0.276755722141245,0.0021334745382375897
2.420024765,0.4480263263915226,0.05520495673974479,0.38874885302289985,0.24834606989373112,0.0045921176601834085,0.11185994278687066,0.2460449369019707,0.01538018342979776,0.10972159056395493,0.12,0.03519142398006388,0.0347535442159512,0.2617993877991494,0.29156272849373926,0.23744518649382898,0.7753674653042507,0.962309745493309,0.20587009075948537,0.01103075591676713,0.27902726245894494,0.0021383522229157237
2.440076014,0.4502529390099007,0.056116961944063064,0.39197248260897105,0.24904724276508908,0.004670879598588991,0.11280524425756243,0.2467279830409573,0.015549620202117734,0.11065711619905666,0.12,0.03518896121724152,0.03475062585083075,0.2617993877991494,0.29156272849373926,0.23744518649382898,0.7753119095901432,0.9622193829513944,0.20752859301351256,0.011123217285787627,0.2813153664099144,0.002148128058505769
2.4602170240000003,0.4524865544916832,0.05704025494552642,0.3952105430275193,0.24975142512540607,0.004750653725018847,0.11375470427856389,0.2474108147284516,0.01571970418156802,0.1115924825719091,0.12,0.035186249727623985,0.03474748047721035,0.2617993877991494,0.29156272849373926,0.23744518649382898,0.7752511958030172,0.9621228280575003,0.20919714853427984,0.011215994157837856,0.2836180604556102,0.002162221706654796
2.480069276,0.45468518868146107,0.057957434969256455,0.3984021799623228,0.250445379340681,0.004829936553715273,0.11469047460651438,0.24809342707722953,0.015890433943268396,0.11252768336902702,0.12,0.035183337468480735,0.034744147198339945,0.2617993877991494,0.29156272849373926,0.23744518649382898,0.7751861804801555,0.9620211794368417,0.2108311849277998,0.01130779739621585,0.2858744965932958,0.0021627912374873604
2.5000679000000003,0.45689707338553354,0.058888441686286416,0.401617349052643,0.2511443138196312,0.004910451017325991,0.11563306181126147,0.24877581593311168,0.016061808199766794,0.11346271338183138,0.12,0.03518025378826534,0.03474065092651279,0.2617993877991494,0.29156272849373926,0.23744518649382898,0.7751174041678486,0.9619151421577908,0.2124819482670609,0.011400111808610542,0.2881546356708116,0.002170348429430091
2.5200278910000002,0.45910168624178516,0.05982474293076882,0.4048263071342725,0.25184175790419083,0.004991459991655783,0.11657374162028068,0.2494579776124547,0.016233825738722698,0.11439756814500597,0.12,0.035177018275347596,0.034737009148658966,0.2617993877991494,0.29156272849373926,0.23744518649382898,0.7750452422238676,0.9618052152090808,0.21412765498529943,0.011492310301679689,0.2904287389892665,0.002176173475274712
2.5401276790000002,0.4613187028796551,0.06077472109130467,0.4080577403118546,0.2525439424087241,0.005073689086925769,0.11752091899370552,0.25013990876476055,0.016406485390728753,0.1153322437472514,0.12,0.03517364542751571,0.03473323549180581,0.2617993877991494,0.29156272849373926,0.23744518649382898,0.7749699843041162,0.9616917902861744,0.2157893033099715,0.011584975175838709,0.2927254965646032,0.002188675246454122
2.560320484,0.4635428837183879,0.06173628782267245,0.41130412778745606,0.2532492277387609,0.00515695857005893,0.11847238503608254,0.2508216063011957,0.016579786013096995,0.11626673673281727,0.12,0.03517014710762067,0.034729341593553675,0.2617993877991494,0.29156272849373926,0.23744518649382898,0.7748918760729283,0.9615752036047553,0.2174613793796044,0.011677942140529283,0.2950373910546388,0.0022056483032652646
2.579918623,0.4656985227067232,0.06267653997213071,0.4144549110983778,0.25393359531679816,0.005238418703190884,0.11939573610177365,0.2515030673576571,0.016753726482067646,0.1172010440505881,0.12,0.03516653382632028,0.034725338074493135,0.2617993877991494,0.29156272849373926,0.23744518649382898,0.7748111408965949,0.9614557628280619,0.2190629998220532,0.011769017775601584,0.29725386704778967,0.0021946920511855543
2.6000222440000003,0.4679067107713455,0.06364800576388416,0.41768696050551263,0.25463546266369447,0.005322619154547033,0.12034280240742562,0.25218428927578074,0.01692830568942583,0.11813516302782545,0.12,0.0351628154035508,0.0347212731032773,0.2617993877991494,0.29156272849373926,0.23744518649382898,0.7747338868364919,0.9613297683273729,0.2207235680913061,0.011861711972707967,0.2995517974776872,0.002207639379600168
2.6200177260000004,0.47009988641203726,0.06462133948620846,0.42090162445801527,0.2553334036692336,0.0054070191629388,0.12128467813001395,0.2528652705808571,0.01710352686520634,0.11906904449893468,0.12,0.03515922297962466,0.034717400717227946,0.2617993877991494,0.29156272849373926,0.23744518649382898,0.7746559290797433,0.9612141067816539,0.22237090824027564,0.011954077688016875,0.3018325799590806,0.002215633631079267
2.6403095810000003,0.472322382485641,0.06561624966573554,0.42416393615412296,0.256041539210231,0.0054933287737237374,0.12224042072294004,0.2535460146770787,0.017279387307252442,0.12000273015810532,0.12,0.03515577965403184,0.034713648282706615,0.2617993877991494,0.29156272849373926,0.23744518649382898,0.7745797694824349,0.9611026446528959,0.22405256386430902,0.012047357322306402,0.30416120599601765,0.002237690564834721
2.660085831,0.47448523138671256,0.06659294079072521,0.42734335428421255,0.2567315360111256,0.00557809691639185,0.12317179109366126,0.2542265239123099,0.017455883896749035,0.12093626860644185,0.12,0.03515248385508776,0.034710317267992535,0.2617993877991494,0.29156272849373926,0.23744518649382898,0.7745060264801791,0.9610098369194475,0.22567310114077918,0.01213906541567166,0.3064070856777707,0.002235522487219407
2.6802109250000004,0.4766830607476352,0.0675938531659077,0.4305788558951528,0.25743357529889904,0.005665008317426668,0.1241195254869543,0.25490680845967306,0.017633017122015024,0.1218697029215423,0.12,0.03515007589877713,0.03470782681575434,0.2617993877991494,0.29156272849373926,0.23744518649382898,0.7744581357038659,0.960933205083851,0.22733409602850727,0.012231834915764538,0.3087091529736105,0.002249822565412007
2.7001554480000003,0.478857949446223,0.06859282699719636,0.4337853271939172,0.25812920382439203,0.005751795529652439,0.12505871613664268,0.25558688338722446,0.01781079476843758,0.12280299992343441,0.12,0.0351485690846617,0.03470656738411535,0.2617993877991494,0.29156272849373926,0.23744518649382898,0.7744360589998988,0.9608923102058687,0.22897332538181034,0.012324076267463638,0.3109823272704828,0.0022557162132082753
2.720152075,0.4810352971719886,0.06960139737001816,0.43700017522751505,0.25882656692801725,0.005839464378967632,0.1260003594481826,0.2562667732272546,0.01798922318618841,0.12373619636595745,0.12,0.03514853461310549,0.03470654520580007,0.2617993877991494,0.29156272849373926,0.23744518649382898,0.7744428962200666,0.9608843640699369,0.23061809530103325,0.012416488346714742,0.3132639788615576,0.002264163082225157
2.740277254,0.48322336781540587,0.07062349110753786,0.44023569050386413,0.25952834526957086,0.005928359637314347,0.1269480772264989,0.2569464998214184,0.01816830688691002,0.12466931756221161,0.12,0.03514931121768063,0.03470226801197295,0.2617993877991494,0.29156272849373926,0.23744518649382898,0.7743341719081305,0.960779228690517,0.23227735003824296,0.012509285934498035,0.3155663729416525,0.002278759664287283
2.760273804,0.4853941562854794,0.07164608114738373,0.44345052615820935,0.2602256224338594,0.0060173562312461504,0.12788982986131353,0.2576260681309117,0.0183481817517238,0.12560107944246487,0.12,0.035152750662390556,0.03470378227035531,0.2617993877991494,0.29156272849373926,0.23744518649382898,0.7744165266226937,0.960772586895072,0.2339208585431765,0.01260186258417527,0.31784944671574444,0.0022887504188486563
2.780072971,0.48754025111198984,0.07266548194966764,0.44663362864328476,0.26091596876603584,0.006106129018337463,0.1288223341145129,0.25830549807245057,0.01852877969100088,0.12653220791169564,0.12,0.03515454212002089,0.03470460617987485,0.2617993877991494,0.29156272849373926,0.23744518649382898,0.7744416035842853,0.9607887054094572,0.2355405581477256,0.012693967345833708,0.3201014207315891,0.0022901262028172664
2.800022443,0.48969935753681615,0.07369949939759023,0.4498408955903811,0.26161148648728594,0.006196226180161473,0.12976193684183052,0.2589847774124642,0.018710036572743474,0.127463254133719,0.12,0.03515526744045736,0.03470457128293391,0.2617993877991494,0.29156272849373926,0.23744518649382898,0.7744428267592505,0.9607857373874449,0.2371772723169765,0.012786518333981471,0.3223776414566621,0.00229868270811151
2.820110788,0.491870143380411,0.07474768255473888,0.4530704890823978,0.26231176065546485,0.0062876085931313705,0.13070808082204455,0.2596638897783085,0.01889194292785861,0.12839424338093985,0.12,0.03515528437443886,0.034703973281864926,0.2617993877991494,0.29156272849373926,0.23744518649382898,0.7744305231632854,0.9607681409299607,0.238829662858678,0.01287945900275616,0.3246762457014579,0.0023138374411046936
2.8402154430000004,0.4940392924362652,0.07580372771093294,0.45630270472521156,0.26301250800453135,0.006379727135642228,0.13165498145437457,0.26034282411307724,0.019074494385754127,0.12932517194625745,0.12,0.03515485612237279,0.034703018211953714,0.2617993877991494,0.29156272849373926,0.23744518649382898,0.7744091070364838,0.9607418035612018,0.2404833574707268,0.012972444935894051,0.32697753277895414,0.00232980950811712
2.8603797010000003,0.49621143738775797,0.07686993005554141,0.45954450271345526,0.263715230947118,0.006472782377135233,0.13260467029232495,0.2610215732739251,0.019257688026601806,0.13025603697916865,0.12,0.03515415240780826,0.03470184200785086,0.2617993877991494,0.29156272849373926,0.23744518649382898,0.7743823950772549,0.9607097053152883,0.24214343396731675,0.013065588548783914,0.3292884657342866,0.002348633313156295
2.880227279,0.4983460554092545,0.0779263132141605,0.4627353882115435,0.2644068126532636,0.006565030674138984,0.13353942037719424,0.2617001324642222,0.019441521740884107,0.1311868364913487,0.12,0.035153254559437734,0.034700498195535785,0.2617993877991494,0.29156272849373926,0.23744518649382898,0.7743511377985215,0.9606737719782678,0.24376579678080101,0.013157892682254108,0.33154855172019476,0.0023525838858455272
2.900030504,0.5004725291388851,0.07898712641683102,0.4659191430993126,0.2650967421884219,0.006657715060456695,0.13447205405988075,0.26237849811513375,0.01962599381368227,0.13211756944109376,0.12,0.03515221675899859,0.03469903193928086,0.2617993877991494,0.29156272849373926,0.23744518649382898,0.7743164795953338,0.9606351173687089,0.24538237848930322,0.013250098288817631,0.33380157365821883,0.002354484618786984
2.920081143,0.502622139755742,0.08006804231824796,0.46914267461597936,0.2657951804972541,0.006752205732137794,0.13541630845704633,0.2630566673093802,0.019811102510148247,0.13304823734029572,0.12,0.035151053145909654,0.03469745339547526,0.2617993877991494,0.29156272849373926,0.23744518649382898,0.7742785861957912,0.9605940835779719,0.2470273555367613,0.01334294718339584,0.33609443727568367,0.0023680711167506086
2.940259478,0.5047819227528498,0.08116281002601236,0.47238673575669216,0.2664979514182134,0.006847958383242267,0.13636654214655855,0.2637346374265249,0.01999684629194976,0.13397884089025164,0.12,0.03514978226224547,0.03469578245490587,0.2617993877991494,0.29156272849373926,0.23744518649382898,0.7742382005062898,0.9605509222390037,0.248686688189592,0.013436113926742939,0.3384078948664406,0.002387701256306912
2.960012152,0.5068926575385301,0.0822413366778311,0.4755623635846853,0.2671857810291894,0.006942341097207961,0.13729669417293733,0.26441240600369853,0.02018322360938947,0.13490938127021737,0.12,0.03514840189443454,0.03469401345462314,0.2617993877991494,0.29156272849373926,0.23744518649382898,0.7741949368138219,0.9605057359173351,0.25029558881852204,0.01352821417384462,0.340652982314468,0.002387312902719957
2.9801363280000004,0.5090395900988346,0.08334697133759969,0.47879771760921036,0.2678864283211654,0.007039146694133829,0.13824430090665232,0.2650899705865352,0.02037023291057287,0.13583986016924723,0.12,0.03514694440973656,0.03469235189766905,0.2617993877991494,0.29156272849373926,0.23744518649382898,0.7741670208207441,0.9604505740627088,0.25194738824425583,0.01362123473007142,0.3429578574399631,0.002404440737405089
3.0000433930000003,0.5111598106989462,0.08444754319732861,0.4819981668034647,0.26857939526259117,0.007135560411646496,0.13918164331578986,0.2657673294724085,0.02055786982651366,0.13677030991244624,0.12,0.035145406869272415,0.0346930139927421,0.2617993877991494,0.29156272849373926,0.23744518649382898,0.7742645292418135,0.9603861703952912,0.25357318510825644,0.013713719555129723,0.34522785689101837,0.002411333403343624
3.0199243200000003,0.5132737189090792,0.08555344111295841,0.4851944138041239,0.2692713366147295,0.00723249266460677,0.14011772094951414,0.26644448098397466,0.020746139865528274,0.1377006689827916,0.12,0.0351441287308974,0.03468788809632833,0.2617993877991494,0.29156272849373926,0.23744518649382898,0.7740169718456954,0.960377432970721,0.25519533496845714,0.013806149840853679,0.34749374482133233,0.0024170519667225387
3.040165925,0.5154223676158307,0.08668627551649227,0.4884486468320798,0.26997569613843425,0.007331836909387193,0.14107072362070236,0.26712142420954565,0.020935035866336202,0.13863098352287034,0.12,0.03514201950510619,0.03468692095126698,0.2617993877991494,0.29156272849373926,0.23744518649382898,0.7740462210817357,0.960299826481613,0.2568590742255049,0.013899420495343684,0.34981766330920944,0.002439740097832016
3.0602366940000003,0.5175492153932357,0.0878164762042318,0.49167541463909276,0.2706739846397916,0.007431003685654493,0.14201563960055294,0.2677981553301243,0.021124561012368048,0.1395612222728681,0.12,0.03514040190175192,0.03468881676439726,0.2617993877991494,0.29156272849373926,0.23744518649382898,0.7742040254566338,0.960236812763229,0.2585022312371919,0.013992280245847418,0.35211419236622465,0.002454417327684838
3.0802294260000003,0.5196641500516611,0.0889491128552609,0.4948896364754279,0.27136942751090626,0.007530436820801341,0.14295683162622475,0.2684746706795814,0.02131470786339774,0.1404914286815289,0.12,0.03513853393809148,0.0346815002187385,0.2617993877991494,0.29156272849373926,0.23744518649382898,0.7738613956211561,0.9602136153157689,0.2601356709215786,0.014084947471973882,0.35439820779389897,0.002465402944695855
3.100302833,0.521783952730544,0.09009313935419479,0.4981168283924226,0.27206753069769896,0.00763092089444398,0.14390175162155644,0.269150966986329,0.021505474789369077,0.14142159390499773,0.12,0.03513593314443931,0.03468006362823936,0.2617993877991494,0.29156272849373926,0.23744518649382898,0.7738737992565153,0.9601293821554525,0.2617779463906266,0.014177785076155627,0.3566952344874249,0.002480157716558712
3.120177083,0.5238790576392749,0.09123258269614377,0.5013120019350271,0.2727585726127486,0.00773105517656795,0.1448372414620949,0.2698270411694189,0.02169686406217251,0.14235169523221736,0.12,0.03513386029514618,0.0346816351030181,0.2617993877991494,0.29156272849373926,0.23744518649382898,0.7740224495952581,0.9600593055556471,0.26339636147514034,0.014270167988936289,0.35896030670280976,0.002485546229877539
3.1400321030000002,0.5259684874841066,0.09237760545574829,0.5045040838798494,0.2734488087996634,0.007831732062442165,0.145771767646839,0.27050289133640576,0.021888870079011198,0.14328176566143896,0.12,0.035131661438452456,0.03467423126748835,0.2617993877991494,0.29156272849373926,0.23744518649382898,0.7736970040628911,0.9600145593115263,0.2650119480893491,0.014362505314783927,0.36122231821841033,0.002490001985400031
3.1601055450000004,0.5280771968526017,0.09354196152710065,0.5077312814237771,0.27414648540618014,0.007934160156614124,0.14671649676910728,0.27117851552433614,0.02208149004412309,0.14421181269928157,0.12,0.0351287744642421,0.03467164270522729,0.2617993877991494,0.29156272849373926,0.23744518649382898,0.7736353352631669,0.9599467999981975,0.26665245442855234,0.014455303115657504,0.36351946872449553,0.002504684069825708
3.180009049,0.5301643176052524,0.09470320196436517,0.5109311581177869,0.2748381116548524,0.008036367554430865,0.1476531633888383,0.271853910967146,0.022274730930219706,0.14514176443658716,0.12,0.03512635176790955,0.03466903755481011,0.2617993877991494,0.29156272849373926,0.23744518649382898,0.7735703966764701,0.9598814810640354,0.2682725285859287,0.014547729904198533,0.3657893936811997,0.002511398952251137
3.200058616,0.5322630009603926,0.09587968577047441,0.5141545172895331,0.2755346637499808,0.008139969663592877,0.14859663207032592,0.272529076808991,0.02246858293270542,0.1460717027469737,0.12,0.03512368176990332,0.03466622126112819,0.2617993877991494,0.29156272849373926,0.23744518649382898,0.7734982374374839,0.9598128256189257,0.26990906130573594,0.01464044777579007,0.3680828145425594,0.002524929323352215
3.219997009,0.5343462651673745,0.0970563672337393,0.5173600030711677,0.2762272007812851,0.008243642525080643,0.14953479447944512,0.273204009794804,0.022663045832989698,0.14700161076818213,0.12,0.03512088237586699,0.0346631391898218,0.2617993877991494,0.29156272849373926,0.23744518649382898,0.7734122719958602,0.9597446874952297,0.2715320309099979,0.014732918091704678,0.37035839230298556,0.0025331837112629874
3.240157414,0.5364489016614373,0.09825289703380168,0.5206011816144683,0.27692729577051517,0.008349118429962681,0.15048332909556045,0.27387870730862995,0.02285811779825242,0.14793149362184732,0.12,0.03511813755805218,0.03466118106172318,0.2617993877991494,0.29156272849373926,0.23744518649382898,0.7734024622084845,0.9596565908776743,0.273180306205349,0.0148258205263308,0.372669687992621,0.002551835473713127
3.2600224320000004,0.5385168984447022,0.09943860443549345,0.5237948709329061,0.27761697240174443,0.008453693837851621,0.15141788221017533,0.2745531669049329,0.02305379858868498,0.14886133126280293,0.12,0.035114991651298534,0.03465697764171044,0.2617993877991494,0.29156272849373926,0.23744518649382898,0.7732537095101426,0.9595951725753796,0.2747935409223696,0.014918108554960955,0.3749335396701032,0.0025565509473723935
3.2801442730000003,0.540607784713779,0.10064632493175385,0.5270298495606126,0.27831540718973796,0.008560265068129689,0.15236443769727717,0.27522738670074753,0.02325008485905942,0.14979115349031819,0.12,0.03511202747350215,0.03465337786025104,0.2617993877991494,0.29156272849373926,0.23744518649382898,0.7731465311833136,0.9595223618292384,0.27643612938063133,0.01501088525139059,0.3772386960702944,0.0025732842069589867
3.3001958150000004,0.5426874619276878,0.10185656008769194,0.5302535262521518,0.2790112381523924,0.008667113066609966,0.15330760098804713,0.275901364030025,0.023446978531228884,0.15072091720300976,0.12,0.03510885418176195,0.03465147959386879,0.2617993877991494,0.29156272849373926,0.23744518649382898,0.7731511024286651,0.9594228772647745,0.27806992737676783,0.015103500925586936,0.3795326090491421,0.0025866837850373747
3.3203350470000004,0.5447723047326868,0.10307881507842066,0.5334913008225016,0.2797099444053707,0.00877507720936464,0.15425479918897778,0.276575097676831,0.023644474092402237,0.15165066805766578,0.12,0.03510552746709374,0.034649704744748856,0.2617993877991494,0.29156272849373926,0.23744518649382898,0.7731499008542846,0.959335336383158,0.2797133468400187,0.015196257028516078,0.3818406327648358,0.0026041311313119986
3.3402898690000002,0.5468341251739991,0.10429656026150734,0.5366994278865057,0.28040208247566634,0.008882697779642052,0.1551932310315111,0.27724858560594345,0.023842567965843078,0.1525804298633543,0.12,0.03510204516757647,0.034643462394588216,0.2617993877991494,0.29156272849373926,0.23744518649382898,0.772894208958874,0.9592789107705367,0.2813346903965284,0.015288631675049874,0.3841189980231514,0.002612801168156792
3.3600641810000003,0.5488734126746889,0.1055098383279811,0.5398785344452742,0.2810877940401559,0.008989978240111482,0.15612308562002575,0.27792182445080144,0.024041267412202354,0.1535101101324136,0.12,0.03509871360366661,0.034641743329908777,0.2617993877991494,0.29156272849373926,0.23744518649382898,0.7729007635552251,0.9591864029402135,0.2829344291670887,0.015380658932003436,0.3863684243128606,0.0026129754876121347
3.3800565930000004,0.5509312823222531,0.10674304660509963,0.5430927048353644,0.2817808953592968,0.009099075191970814,0.1570630981925194,0.2785948138543714,0.024240560721540495,0.15443981803698872,0.12,0.03509506186947199,0.03463632242821345,0.2617993877991494,0.29156272849373926,0.23744518649382898,0.7727013538330844,0.9591147675775878,0.28455897848165745,0.01547306367201388,0.38865288679837573,0.002623280155530677
3.4000746850000003,0.5529878158077858,0.10798445537270907,0.5463110037866116,0.28247471187651313,0.009208953173088825,0.15800422041201628,0.2792675509583398,0.024440452139852936,0.15536949489886506,0.12,0.035091415698301744,0.03463313418402955,0.2617993877991494,0.29156272849373926,0.23744518649382898,0.7726389166067693,0.9590177925947081,0.28618592534473514,0.01556548881113582,0.3909415088877465,0.0026347255131512204
3.4200610580000004,0.555037091161293,0.10923049872970673,0.5495242032895978,0.2831672525556832,0.009319297314594802,0.15894375247743733,0.2799400340443171,0.02464093946715041,0.15629914954865207,0.12,0.03508772105365506,0.03462886975915316,0.2617993877991494,0.29156272849373926,0.23744518649382898,0.7725046077837242,0.9589388801739338,0.28780858981387997,0.015657830551231315,0.39322505374094574,0.002644602928785267
3.440169146,0.5570948075903899,0.11049074871318271,0.5527569708541582,0.2838638313056634,0.009430956024796273,0.159888904677086,0.2806122614727247,0.02484201999132592,0.1572287965578189,0.12,0.0350839525863855,0.0346252893182199,0.2617993877991494,0.29156272849373926,0.23744518649382898,0.7724189407813167,0.9588455251296782,0.2894448186431691,0.015750352343961875,0.3955281742963393,0.0026601081192670906
3.46014919,0.5591353620925947,0.11174957689932072,0.5559691528468812,0.28455579463481867,0.009542545819176075,0.16082793713406437,0.28128423117744933,0.02504369671001265,0.15815839351959704,0.12,0.03508017138900692,0.03462372727928304,0.2617993877991494,0.29156272849373926,0.23744518649382898,0.7724381973477861,0.958748166616366,0.2910655606735842,0.01584262624680889,0.39781075932728416,0.002669543614467334
3.480116176,0.5611705315300548,0.11301412622288903,0.5591792355112714,0.2852471248679243,0.009654699682598118,0.16176625295087135,0.2819559411107961,0.025245972962690023,0.15908789456916742,0.12,0.03507632350590244,0.03462644673201664,0.2617993877991494,0.29156272849373926,0.23744518649382898,0.7726738807452354,0.9586484558555968,0.29268419197097095,0.015934857797222177,0.40009134094210397,0.002678358381703938
3.500012275,0.563194420349833,0.11428068949536813,0.5623779217070192,0.2859358171990041,0.00976708892084604,0.16270113116583057,0.28262738874004584,0.0254488472553163,0.16001729835705925,0.12,0.03507233249208443,0.03462249889963137,0.2617993877991494,0.29156272849373926,0.23744518649382898,0.7725800156195496,0.958544929362019,0.2942939948794212,0.01602695365092108,0.4023606233499599,0.002683832808771325
3.520075486,0.5652312124859055,0.11556441254474942,0.5656034744180343,0.28663010513073733,0.009881057780150278,0.16364374945530982,0.283298570564157,0.025652317639421825,0.16094660342375608,0.12,0.03506815881545782,0.03461837288459951,0.2617993877991494,0.29156272849373926,0.23744518649382898,0.7724819337734306,0.958436710456545,0.2959226239935728,0.016119297755081932,0.40465687099427816,0.0026971460315537437
3.540184072,0.567268450341978,0.11685761679892735,0.5688363220458134,0.28732576840895624,0.009995925924543299,0.16458838160539865,0.28396948251411186,0.02585638199686384,0.16187580747532485,0.12,0.035063780005161915,0.03461405066091371,0.2617993877991494,0.29156272849373926,0.23744518649382898,0.7723792449103777,0.9583232881353081,0.29755592736128555,0.01621168473138868,0.40696051457048854,0.002712574130073808
3.560084454,0.5692804466941085,0.11814394242370321,0.5720356968173959,0.2880140308620518,0.010110240027830805,0.16552311048509272,0.28464012019554946,0.026061038112938067,0.1628049077001781,0.12,0.03505918298774575,0.03460952044482501,0.2617993877991494,0.29156272849373926,0.23744518649382898,0.7722712105996786,0.958204811641572,0.29916446435950883,0.016303718371506536,0.4092307891172178,0.0027182027849146084
3.5801638550000003,0.571306379634273,0.11944832790469691,0.5752638523868663,0.2887082822675339,0.01022621578363547,0.1664661197719702,0.2853104794432738,0.026266283321812956,0.16373391219064712,0.12,0.035054417914519256,0.03460499034485738,0.2617993877991494,0.29156272849373926,0.23744518649382898,0.7721586193843637,0.9580908978585052,0.30079319865766,0.016396000447116522,0.41152994019621914,0.0027322075813230873
3.600080202,0.5733116740351986,0.12074860133989743,0.5784657938437631,0.28939669667264517,0.01034188386232783,0.1674013483407561,0.2859805605316393,0.02647211599692428,0.1646628360412604,0.12,0.035049806426839455,0.03460058320938339,0.2617993877991494,0.29156272849373926,0.23744518649382898,0.7720531379346844,0.957976022534485,0.30240242141196405,0.016488007000539956,0.41380295780250265,0.0027385122994957045
3.620118369,0.5753250347863493,0.12206328139774114,0.581687320243033,0.29008912230678024,0.01045889187458216,0.16834217451772832,0.28665036469949046,0.02667853707777807,0.16559166684305326,0.12,0.035045232366324716,0.03459631555563336,0.2617993877991494,0.29156272849373926,0.23744518649382898,0.7719505465679354,0.9578652312137327,0.3040251874413394,0.01658016720058183,0.4160956533999798,0.002750507674675051
3.6400491130000003,0.577323379116815,0.12337735808841135,0.584891576298644,0.29077764604781275,0.010575906918880659,0.16927784820845398,0.28731989582935336,0.02688554741316239,0.16652041352998923,0.12,0.035041158053042726,0.034592688171662854,0.2617993877991494,0.29156272849373926,0.23744518649382898,0.7718621734108577,0.9577722351722849,0.3056348963162569,0.016672144721839793,0.41837116276865466,0.0027574346784647596
3.6602251470000002,0.5793420444682108,0.1247140824466205,0.5881352675087017,0.29147446338130756,0.010695002396658482,0.17022494354917383,0.28798916501420696,0.027093149662562415,0.167449085982846,0.12,0.03503768809249855,0.034589622913486655,0.2617993877991494,0.29156272849373926,0.23744518649382898,0.7717900834545673,0.9576910622197654,0.3072724310506377,0.016764442682713515,0.4206861815258557,0.0027758575663278384
3.6801014420000002,0.5813264381828134,0.12603739188420296,0.5913307698249655,0.29216075925973006,0.010812968699094335,0.17115788984739733,0.2886581822535798,0.027301347506636934,0.1683776842434901,0.12,0.03503472841093722,0.034587024999457115,0.2617993877991494,0.29156272849373926,0.23744518649382898,0.771724532647438,0.9576267173254177,0.308874593464707,0.016856295007653146,0.4229530855814754,0.0027802056039072376
3.7001784300000002,0.5833265869634099,0.12738046123999555,0.5945585374575951,0.29285382181432007,0.010932763915705539,0.17210018624182608,0.28932695590702484,0.027510141271233482,0.16930624375750056,0.12,0.03503212752627055,0.034584739588894624,0.2617993877991494,0.29156272849373926,0.23744518649382898,0.7716658117725491,0.9575711676721822,0.31049937821508344,0.01694839883633885,0.42525229370009454,0.002793942484325518
3.720110496,0.5853079838822799,0.12872023835664628,0.5977630060505055,0.2935417230501994,0.011052334685335476,0.173035618017472,0.2899954912276793,0.027719531970735133,0.17023477478710675,0.12,0.035029774773221986,0.03458268152927924,0.2617993877991494,0.29156272849373926,0.23744518649382898,0.7716120489136554,0.9575220275503068,0.3121067301554495,0.017040282435731153,0.4275282312633987,0.002800843230365252
3.7400372830000004,0.5872845537292632,0.13006600138855826,0.6009666259411437,0.29422928753230937,0.011172509630411333,0.17397074432107848,0.29066379191213,0.02792952021257918,0.17116328503672973,0.12,0.03502761259558245,0.03458080724407133,0.2617993877991494,0.29156272849373926,0.23744518649382898,0.7715622845043449,0.9574780776992218,0.3137128258901565,0.01713213829819277,0.42980334090441397,0.002807459284348751
3.7600033730000004,0.5892606921313487,0.1314207565008172,0.604176564556048,0.2949180559037145,0.011293558865971526,0.1749076615254798,0.29133186086353297,0.02814010639642463,0.17209178099083977,0.12,0.03502561201828818,0.034579094946488025,0.2617993877991494,0.29156272849373926,0.23744518649382898,0.7715160442217778,0.9574387031026234,0.3153228205927896,0.017224022717183065,0.4320847835652082,0.0028158805346400195
3.780043924,0.5912398251810962,0.1327869239233979,0.6073984742298428,0.2956092422429412,0.011415700749578542,0.17584802309425973,0.29199970058806285,0.02835129083613826,0.17302026846893445,0.12,0.03502375909895782,0.03457753431635273,0.2617993877991494,0.29156272849373926,0.23744518649382898,0.7714731090262584,0.957403606791378,0.3169407730551417,0.01731597535625071,0.43437820576090835,0.0028277546253252794
3.8000794030000002,0.5932140465220835,0.13415911346093493,0.6106195684806552,0.2963001047599482,0.01153845546892216,0.1767881007342527,0.2926673134032595,0.028563073824291393,0.17394875291543763,0.12,0.03502204779344869,0.03457612104715518,0.2617993877991494,0.29156272849373926,0.23744518649382898,0.7714333935575153,0.9573726588002434,0.31855747107129856,0.01740789485225618,0.4366708155652176,0.002839347818815063
3.820063498,0.5951787858514275,0.13553411954473343,0.6138324017506853,0.29698904913086716,0.011661537586323326,0.1777257253259462,0.2933347015470987,0.028775455666138944,0.1748772395513926,0.12,0.03502047617994405,0.03457485395607928,0.2617993877991494,0.29156272849373926,0.23744518649382898,0.7713968816665823,0.9573458161373818,0.320167555418505,0.01749972709231874,0.4389551621992927,0.0028484857745535996
3.840021074,0.597136496038982,0.1369135978934596,0.617040971573935,0.2976769355911739,0.011785096381352115,0.1786620674032469,0.294001867234476,0.02898843669732012,0.1758057334534121,0.12,0.03501904445460516,0.03457373344763989,0.2617993877991494,0.29156272849373926,0.23744518649382898,0.7713635921267679,0.9573230802552267,0.32177390136500866,0.01759150492292835,0.4412352381205229,0.002856333949834783
3.8600290700000004,0.5990947046753938,0.13830285148908594,0.6202576473961541,0.29836641820058174,0.011909608411173018,0.17960074042158822,0.2946688126857577,0.029202017292820667,0.17673423959435544,0.12,0.03501775386344419,0.034572760692949775,0.2617993877991494,0.29156272849373926,0.23744518649382898,0.7713335603071396,0.9573044743403492,0.3233853981490299,0.017683316755443358,0.44352340780179866,0.0028665008272327763
3.8800320750000004,0.6010479470518637,0.13969804868976926,0.6234735208177214,0.2990555890789363,0.012034732262613099,0.18053914852964276,0.2953355401404278,0.029416197871196002,0.17766276286393723,0.12,0.03501660612987051,0.03457193718837478,0.2617993877991494,0.29156272849373926,0.23744518649382898,0.7713068283097659,0.957290031108973,0.32499563436999185,0.017775098053379304,0.4458107579537843,0.002876385665705527
3.90002656,0.6029958625175463,0.14109892310831423,0.6266880244830172,0.2997443290158634,0.01216044561128952,0.181477130068426,0.2960020518627432,0.029630978896183616,0.17859130807892487,0.12,0.03501560314557556,0.034571264515989235,0.2617993877991494,0.29156272849373926,0.23744518649382898,0.7712834396131302,0.9572797861863317,0.32660419833069476,0.017866845595945525,0.4480967164040923,0.002885821989501131
3.9202610730000003,0.6049625947926298,0.14252294403286,0.6299411173335694,0.30044120039411243,0.012288318709581988,0.1824263485891485,0.296668350143074,0.029846360876843676,0.17951987998804045,0.12,0.035014746802373896,0.03457074421256929,0.2617993877991494,0.29156272849373926,0.23744518649382898,0.7712634361407948,0.9572737744876696,0.32823978076362836,0.01795882077877331,0.45042123734552897,0.0029064686011080476
3.940011504,0.6068777439932683,0.143919134813079,0.6331163845555393,0.30112126758240193,0.012413775690916203,0.183352839672726,0.2973344372969113,0.030062344366845864,0.18044848327431756,0.12,0.035014038900424996,0.03457037769785697,0.2617993877991494,0.29156272849373926,0.23744518649382898,0.771246856660829,0.9572720282320194,0.3298187797127877,0.018050264815789127,0.45266790128122175,0.002904356398408442
3.959908308,0.6088026107594312,0.1453317920213533,0.6363151840937955,0.30180623852814287,0.012540793633484999,0.18428617132387431,0.29800031415400624,0.030278929681478123,0.18137709443285147,0.12,0.035013071872222676,0.0345685880436498,0.2617993877991494,0.29156272849373926,0.23744518649382898,0.7712088817325403,0.9572205204499499,0.33141398387485826,0.01814184474629745,0.45493808966094407,0.0029090768910228493
3.9800889280000002,0.6107503413520202,0.1467708376906454,0.6395596125928511,0.30250076814480537,0.012670254726020944,0.18523269171303525,0.29866594227906407,0.03049610484691393,0.18230560407297386,0.12,0.035008460421418794,0.034562978268971006,0.2617993877991494,0.29156272849373926,0.23744518649382898,0.7710752744432161,0.9570736390053343,0.33304126717662075,0.018233672749972757,0.45725400851987724,0.0029270876400613877
3.9999927310000003,0.6126667400381723,0.14819636912114376,0.642759537356946,0.30318550359162705,0.012798560928051877,0.18616602947911506,0.2993312535601608,0.030713846523003206,0.18323399490785583,0.12,0.03500098914396124,0.03455515753351356,0.2617993877991494,0.29156272849373926,0.23744518649382898,0.7708922287116599,0.9568656479640182,0.33463602645626,0.01832519307548294,0.45952554244909016,0.0029320345712592344
4.020143423,0.6146022818469529,0.1496457840012931,0.645999154345943,0.3038784317126223,0.012929071840204854,0.18711070000315908,0.29999620734510674,0.030932140803832588,0.18416221378454442,0.12,0.034991933697810985,0.03454609575563295,0.2617993877991494,0.29156272849373926,0.23744518649382898,0.7706815067142665,0.956623281067381,0.3362586968312866,0.018416898711478755,0.46183694056139857,0.0029484862186146543
4.04002835,0.6165076523978723,0.15108226292475196,0.649196044424664,0.30456190425184393,0.0130584705021045,0.18804264594357673,0.30066078054882617,0.031150979564544542,0.1850902292171167,0.12,0.03498197000719448,0.034536313107903116,0.2617993877991494,0.29156272849373926,0.23744518649382898,0.7704547104270647,0.9563609449680911,0.3378502022868332,0.01850831300580153,0.4641058152075474,0.0029524167264600165
4.060042692000001,0.6184207915289527,0.15253421423905544,0.6524137404902283,0.3052494966986565,0.013189313052023562,0.18898037542675783,0.30132495952942623,0.031370357733142576,0.18601802285790034,0.12,0.03497146271396018,0.03452609146430021,0.2617993877991494,0.29156272849373926,0.23744518649382898,0.7702181267648893,0.956086446450121,0.33945610437117985,0.01859979509805191,0.4663957176323279,0.0029623525688574903
4.080090224,0.6203324136415597,0.15399473190905563,0.6556367724960105,0.3059378933839521,0.013320977665639666,0.1899193696879578,0.3019887359159236,0.03159027097110931,0.18694560557337594,0.12,0.03496065541448068,0.034516253471614,0.2617993877991494,0.29156272849373926,0.23744518649382898,0.7699827165982893,0.9558299569824106,0.3410653151602972,0.018691252568743568,0.4686911669226345,0.0029737641145818616
4.100010261,0.6222271913177883,0.15545207570666733,0.6588393071924193,0.30662162018815065,0.013452414726280393,0.1908521620232992,0.3026521248447925,0.031810725002422754,0.1878730328449278,0.12,0.034952027332125456,0.034508965323503143,0.2617993877991494,0.29156272849373926,0.23744518649382898,0.7698118702113358,0.9556363959638214,0.3426593158155629,0.018782557053714927,0.4709662743474916,0.002979129178371398
4.120058195,0.624129427521492,0.1569248759292851,0.6620624038275468,0.30730948179895673,0.01358531210946181,0.19179076409280024,0.30331517092494376,0.032031734021235,0.1888003130461342,0.12,0.03494535258812429,0.034503187624090596,0.2617993877991494,0.29156272849373926,0.23744518649382898,0.7696747240688177,0.9554846571357121,0.3442674601690672,0.018873923829066504,0.4732620907814125,0.0029904510466660377
4.140101069,0.6260264279609696,0.1584034263093574,0.6652846869689261,0.30799693430510644,0.01371879990352432,0.1927289784804527,0.3039779009854475,0.03225330657304466,0.18972748433807896,0.12,0.034939737316226585,0.03449823620871082,0.2617993877991494,0.29156272849373926,0.23744518649382898,0.7695560281544278,0.9553557822811133,0.34587440847306067,0.018965246275939117,0.4755572026308471,0.003001494142373745
4.160013418,0.627906331526749,0.15987841316971182,0.6684859856693001,0.3086796869658509,0.013852039935705353,0.19366094885786486,0.3046403294917643,0.0324754472476673,0.19065456765661745,0.12,0.034934711114709145,0.03449375251542043,0.2617993877991494,0.29156272849373926,0.23744518649382898,0.7694477917078018,0.9552398340632198,0.34746571600291215,0.01905643483736392,0.4778314180126826,0.00300638120124741
4.180044621,0.6297926962315,0.1613682504591167,0.6717063924696645,0.3093662976319649,0.013986697254257826,0.19459835638427897,0.30530246443919257,0.032698158529659745,0.1915815748394942,0.12,0.03493002907488791,0.034489550754296036,0.2617993877991494,0.29156272849373926,0.23744518649382898,0.7693458768008588,0.9551316609139432,0.3490700546964181,0.019147676707098008,0.48012481763017023,0.003016781544784769
4.2001101940000005,0.6316774816996226,0.16286672158147378,0.6749323249182752,0.3100538717833303,0.014122212981505579,0.19553725234845745,0.3059643104761291,0.0329214418192559,0.19250851299680566,0.12,0.034925565707348054,0.03448553642864873,0.2617993877991494,0.29156272849373926,0.23744518649382898,0.7692481802679405,0.9550286411644962,0.35067769481526173,0.01923890632493076,0.4824238119214695,0.0030287393516517935
4.220013124,0.6335421853945551,0.16435906989715865,0.6781321093305831,0.3107356932904859,0.014257260055600882,0.19646846569521906,0.3066258652569689,0.03314533283327469,0.19343507290951806,0.12,0.0349228532964805,0.03447345163874652,0.2617993877991494,0.29156272849373926,0.23744518649382898,0.7694490727083335,0.9542235092289924,0.3522659863889371,0.019330027928582634,0.48469703642106504,0.003033392785701
4.240097581000001,0.6354190679671335,0.1658710426997358,0.6813610777507236,0.3114236328664748,0.01439418479742345,0.19740820867171952,0.30728714532339924,0.033370050106608214,0.19435944903234928,0.12,0.034924205661678226,0.03447450275373393,0.2617993877991494,0.29156272849373926,0.23744518649382898,0.7694991798567644,0.9542259578299319,0.3538743727596528,0.01942148278135171,0.4870016287183744,0.003048759639370235
4.260115687,0.6372848743440689,0.16738405305677231,0.684579378952744,0.3121091856985556,0.01453130438215549,0.19834486690390526,0.30794823038807867,0.03359540336662143,0.19528358456116063,0.12,0.03492494356703751,0.03447521245371349,0.2617993877991494,0.29156272849373926,0.23744518649382898,0.7695165350757153,0.9542440876099594,0.35547437015642713,0.01951290391472529,0.4892957943915834,0.0030612823427446367
4.280101279,0.6391427791705193,0.1689005930783856,0.6877924528947388,0.31279349861105804,0.014668842701153244,0.19928000665974335,0.30860911683041276,0.03382136332854203,0.19620771847270208,0.12,0.034925050816260794,0.03447536838186774,0.2617993877991494,0.29156272849373926,0.23744518649382898,0.7695182062821982,0.9542502128111887,0.35706988146548374,0.01960428772663646,0.4915847344220367,0.0030722881870412777
4.300126529,0.6409994786669868,0.17042611599224733,0.6910119026341776,0.3134790339720938,0.014807293810625823,0.2002169934558541,0.3092697948496556,0.03404792337888136,0.19713187178236882,0.12,0.034924730818405664,0.03447524716999956,0.2617993877991494,0.29156272849373926,0.23744518649382898,0.7695146930927634,0.9542476654072146,0.35866919932722807,0.01969567262554629,0.49388003085180876,0.0030851216734852638
4.320157697,0.6428518044557532,0.17195806113782786,0.6942323038076088,0.31416463130623984,0.01494642616069257,0.20115424272773513,0.3099302579812673,0.03427508296405198,0.19805602186722593,0.12,0.03492419315755296,0.03447494035392132,0.2617993877991494,0.29156272849373926,0.23744518649382898,0.7695031800770398,0.9542438376190261,0.3602684534978933,0.0197870384665642,0.4961762819403829,0.0030982208605092043
4.340083348,0.6446894558211321,0.17348786244363967,0.6974357410640776,0.31484647341023464,0.015085461940575487,0.20208653612654487,0.310590502609145,0.034502838084592,0.1989801907219748,0.12,0.034923489645774186,0.03447452991175101,0.2617993877991494,0.29156272849373926,0.23744518649382898,0.7694893259823831,0.9542371696051677,0.3618548708162302,0.019878324471090343,0.49845555034210276,0.0031063454045700822
4.360102577,0.6465308043536507,0.17503075479576777,0.7006542228102639,0.31553137276663473,0.015225786334701456,0.203023188224528,0.31125052668231473,0.034731187246574265,0.19990438503763833,0.12,0.034922755703418885,0.03447413137111902,0.2617993877991494,0.29156272849373926,0.23744518649382898,0.7694754202490744,0.9542311483068767,0.36345128043502456,0.019969634646896436,0.5007498377726256,0.003118803186889674
4.380211311,0.6483753879224451,0.17658649015055194,0.7038870942319313,0.31621918866398935,0.015367379695941992,0.2039640098750744,0.3119103301401443,0.03496013012661048,0.200828609268941,0.12,0.03492208112852815,0.03447381502144936,0.2617993877991494,0.29156272849373926,0.23744518649382898,0.7694631767254831,0.9542275743469849,0.36505720231503186,0.02006096037623753,0.5030584849629903,0.003135400606133404
4.400205281,0.6502044337721257,0.17813926783050585,0.7071015151009266,0.3169029352367451,0.015508806023301604,0.20489944692989084,0.3125699141586287,0.03518966687103142,0.20175286923195868,0.12,0.034921514995347076,0.03447361792127412,0.2617993877991494,0.29156272849373926,0.23744518649382898,0.7694534383033007,0.954227457760405,0.3666492291674835,0.020152204727302305,0.5053486458689679,0.003146577697932168
4.4201531130000005,0.6520242697413539,0.179694320069727,0.7103085183860176,0.3175849632817422,0.015650542308405967,0.20583271384084467,0.31322928058403265,0.0354197978882444,0.20267717158142337,0.12,0.03492108344107329,0.03447355926777472,0.2617993877991494,0.29156272849373926,0.23744518649382898,0.7694466467055144,0.9542313166832214,0.3682352270340312,0.020243404801171642,0.5076313468045942,0.003155542259421301
4.440171336000001,0.6538455134262049,0.18126070848589632,0.7135268383980713,0.31826925944292755,0.015793416285401114,0.20676926642467106,0.31388843161317265,0.03565052373514886,0.20360152342505716,0.12,0.03492080018091614,0.03447364873493177,0.2617993877991494,0.29156272849373926,0.23744518649382898,0.7694430315765006,0.9542394051700878,0.3698285324011379,0.020334610120304315,0.5099253149730141,0.003167742999613893
4.460153409,0.6556584267680413,0.18283011088516338,0.7167393465921411,0.31895218349795484,0.015936671387736103,0.2077041243085979,0.314547369622005,0.035881845058526055,0.20452593208447178,0.12,0.03492067235137429,0.034473890972962995,0.2617993877991494,0.29156272849373926,0.23744518649382898,0.769442711250259,0.9542518373978908,0.37141694379328266,0.020425776314248936,0.5122134145076693,0.003178192224126103
4.4801049200000005,0.6574635239728486,0.18440291992450478,0.7199469413482795,0.31963392963467724,0.016080344912077115,0.20863755319039728,0.3152060970749986,0.03611376256428539,0.20545040496386685,0.12,0.03492070362117132,0.03447428799002338,0.2617993877991494,0.29156272849373926,0.23744518649382898,0.7694457458167827,0.9542686536843863,0.37300109980714674,0.020516908246720814,0.5144965363844127,0.0031871482265304336
4.5000078310000005,0.6592591822312234,0.1859776655844368,0.7231467227059666,0.32031388476606243,0.016224304002517467,0.20956871345268768,0.31586461647732667,0.03634627700128883,0.20637494947883261,0.12,0.03492089583133772,0.0344748404065194,0.2617993877991494,0.29156272849373926,0.23744518649382898,0.7694521650247679,0.9542898553012023,0.3745789372597294,0.02060800295197071,0.516771773227134,0.0031937639738550683
4.5199581030000004,0.6610540534029619,0.18756190980748047,0.7263541182686754,0.32099533016471765,0.016369241718780403,0.21050209896793756,0.31652293034958007,0.03657938915283807,0.2072995730170754,0.12,0.034921249855253744,0.03447555053807168,0.2617993877991494,0.29156272849373926,0.23744518649382898,0.7694619828915473,0.9543155440120368,0.37616142318910645,0.020699092236443378,0.5190545452516,0.00320252595086215
4.540138568000001,0.662864485149009,0.189170248610898,0.7295985218484561,0.3216845113544241,0.01651649727845549,0.21144626815770987,0.3171810412142446,0.03681309983217136,0.2082242829158154,0.12,0.03492176604623712,0.03447641714337114,0.2617993877991494,0.29156272849373926,0.23744518649382898,0.7694752052811275,0.9543456518874296,0.37776943258366263,0.02079022170461378,0.5213742389326407,0.0032219852418944595
4.559921098,0.6646340927765099,0.19075262250691105,0.7327789496111028,0.3223599792311132,0.016661489756734114,0.21237183742371674,0.31783895158826087,0.037047409880036346,0.2091490864477621,0.12,0.034922444466525496,0.034477437866720057,0.2617993877991494,0.29156272849373926,0.23744518649382898,0.76949183375406,0.9543800595819427,0.3793312040162928,0.020881221952297087,0.5236298631633407,0.003222750975954647
4.58002727,0.6664275271204617,0.19236659606612497,0.7360114091412715,0.3230463775628783,0.016809493224989563,0.21331257160410896,0.3184966639799366,0.03728232015492798,0.21007399085824677,0.12,0.0349232838318546,0.034478603683979224,0.2617993877991494,0.29156272849373926,0.23744518649382898,0.7695116574376251,0.954418526761336,0.3809291511037336,0.02097228018575987,0.5259374182830248,0.0032385807458621962
4.599985201,0.6682025507036236,0.1939744160250602,0.7392200360376991,0.32372759612458857,0.016957050591110714,0.21424639655312736,0.3191541808637646,0.03751783157650447,0.21099900286698806,0.12,0.03492428303426856,0.034479918360288214,0.2617993877991494,0.29156272849373926,0.23744518649382898,0.7695348627034508,0.9544610553109597,0.3825093819832018,0.02106328184014226,0.528221033170711,0.0032473936861392994
4.620025871,0.6699797435015652,0.19559461215431384,0.7424419648430663,0.32441152278865193,0.017105863322681967,0.21518412389739264,0.31981150467598757,0.037753945019886645,0.21192412973035224,0.12,0.034925440042120906,0.03448137919246828,0.2617993877991494,0.29156272849373926,0.23744518649382898,0.7695612833079339,0.9545076763154798,0.384098257850316,0.021154277213161383,0.5305178351127141,0.0032599941670403976
4.639974149,0.6717435377773274,0.19721303002469476,0.7456490398313612,0.32509218283764835,0.01725463391351028,0.21611756327301193,0.3204686378273571,0.0379906614168236,0.2128493782296632,0.12,0.03492675583924144,0.03448298751228625,0.2617993877991494,0.29156272849373926,0.23744518649382898,0.7695910964145262,0.9545582791997861,0.3856757938994389,0.021245234879387793,0.532799661601698,0.0032681850433487207
4.6600395,0.6735124534933781,0.1988466275468388,0.7488749365891393,0.3257767266690203,0.01740492301772947,0.21705652074135157,0.32112558261912044,0.03822798231396811,0.2137747491817384,0.12,0.03492824000925496,0.034484787261569484,0.2617993877991494,0.29156272849373926,0.23744518649382898,0.769626044722089,0.9546133183563853,0.3872658724455248,0.021336188493439715,0.5351001874074008,0.003281771559613178
4.680024498,0.6752690275999816,0.20047935823402332,0.7520879150340418,0.32645841942617454,0.017555257250297936,0.2179917607285735,0.32178234093660224,0.03846590973893154,0.2147002362216634,0.12,0.034929832363079394,0.03448667424296314,0.2617993877991494,0.29156272849373926,0.23744518649382898,0.7696612786496647,0.9546724334984922,0.3888459786876109,0.02142711127382876,0.5373876788123784,0.003291524506910115
4.700153616000001,0.6770329761993085,0.20212953924710256,0.7553240635815123,0.32714491856158007,0.017707324842648996,0.2189337894719058,0.3224389138037492,0.03870444319737308,0.2156258533000448,0.12,0.034931477199412385,0.034488644497024594,0.2617993877991494,0.29156272849373926,0.23744518649382898,0.7696970964084152,0.9547351284428146,0.3904416872018779,0.02151802639609445,0.5396982102814675,0.003307936171861009
4.720019570000001,0.6787685837725056,0.20376377136030266,0.7585179033802165,0.32782233391519966,0.017858049867812427,0.21986354768181285,0.32309530182397145,0.03894358255474824,0.2165516092864423,0.12,0.03493318144326076,0.03449065861434293,0.2617993877991494,0.29156272849373926,0.23744518649382898,0.769733453867895,0.9547994768492515,0.3920066047019362,0.021608899117801905,0.5419662940937742,0.003311938395370556
4.740136596,0.6805208320889123,0.2054242622584617,0.7617521079027061,0.3285082035990325,0.01801132538428401,0.22080510471840267,0.3237515059122089,0.03918332764904964,0.21747751491590278,0.12,0.034934971986189646,0.0344927595084256,0.2617993877991494,0.29156272849373926,0.23744518649382898,0.769772220888842,0.9548657545324378,0.39359928917668263,0.021699766191898787,0.5442745929868034,0.0033275898024998918
4.7601120130000005,0.6822554042175147,0.207078683131438,0.764963546014881,0.32918913317618553,0.018164170199891718,0.22174007715873012,0.3244075272390673,0.03942367878705492,0.21840356572506775,0.12,0.03493658881793218,0.03449315479111591,0.2617993877991494,0.29156272849373926,0.23744518649382898,0.76982218176242,0.9548355577933755,0.3951750289930997,0.02179060487241119,0.5465599802898133,0.0033365114336623707
4.780020306,0.6839788434887301,0.20873308784399663,0.7681641926341003,0.3298676019200644,0.018317129095740233,0.22267186663265154,0.3250633416799759,0.03966456760481252,0.21932906050572362,0.12,0.03493504599949942,0.03449303972044844,0.2617993877991494,0.29156272849373926,0.23744518649382898,0.769847985355765,0.9548040006666568,0.3967423622131839,0.02188136301406102,0.5488351321283766,0.0033428061269279163
4.800057558000001,0.6857081082595722,0.2104037525282975,0.7713855719292636,0.3305503375237623,0.018471718583852267,0.2236097135092113,0.32571893798205054,0.03990603091377472,0.22025434377458813,0.12,0.03493585041542438,0.03449425501277961,0.2617993877991494,0.29156272849373926,0.23744518649382898,0.7698815433825394,0.9548312072564411,0.39832358176844335,0.021972076974840545,0.5511312281546754,0.003355369734623165
4.820035089,0.6874268442187694,0.21207498316124085,0.7745973499081943,0.3312309215379532,0.018626492045378654,0.22454480381328998,0.3263743353576554,0.04014810087643691,0.22117980048864186,0.12,0.034937295549551675,0.03449584711089186,0.2617993877991494,0.29156272849373926,0.23744518649382898,0.7698824361400554,0.9549099194045376,0.3998971955479028,0.022062775800060698,0.5534175494195525,0.0033650033246481197
4.840028179,0.6891415381077809,0.21375303125189837,0.7778116293000159,0.33191191591876057,0.018782028696022184,0.2254806573614433,0.32702953898437137,0.04039078190295051,0.2221055085317991,0.12,0.034938601188228086,0.03449810740527677,0.2617993877991494,0.29156272849373926,0.23744518649382898,0.7699529946392516,0.9549523756245869,0.4014717541851219,0.02215346067068057,0.5557061207682168,0.0033751488296441816
4.8600510340000005,0.6908533741649521,0.21543908858046806,0.7810306939964652,0.3325938186967315,0.018938444415784683,0.226417960025134,0.32768455565827853,0.04063406872861188,0.2230313896712913,0.12,0.03494068316394817,0.034499945353819825,0.2617993877991494,0.29156272849373926,0.23744518649382898,0.7699480722433829,0.9550491954476084,0.40304886267168777,0.022244122322628488,0.5579993043251739,0.0033865703538427105
4.8801024,0.6925622036159524,0.21713305632434732,0.7842543423925697,0.33327659242369745,0.0190957336979005,0.22735666207602243,0.32833939194576856,0.04087797008923503,0.22395751816659057,0.12,0.03494309312477516,0.03450237569464373,0.2617993877991494,0.29156272849373926,0.23744518649382898,0.7699912320949525,0.9551275526372339,0.40462836277834147,0.022334765966251797,0.5602968242259792,0.0033991439094318565
4.900133316000001,0.6942638262173083,0.21883079066813058,0.7874747030520831,0.333958567570225,0.01925351330359633,0.22829446942077553,0.32899404887335126,0.04112248639951393,0.22488390363665944,0.12,0.03494542794078735,0.034505433147149774,0.2617993877991494,0.29156272849373926,0.23744518649382898,0.7700760644822575,0.9551955928752313,0.40620469180812174,0.0224253969900552,0.5625907994154237,0.003410565784116082
4.920071050000001,0.6959520823685378,0.22052607288104506,0.7906800828866071,0.33463727247725084,0.019411207026214572,0.22922798270046726,0.3296485288188894,0.04136761897829736,0.22581055023231858,0.12,0.03494799348160501,0.03450754301437829,0.2617993877991494,0.29156272849373926,0.23744518649382898,0.7700908375759747,0.9552863131429398,0.4077695978710565,0.02251602960333827,0.5648695326542886,0.003417432468148684
4.940108187,0.6976432857884891,0.22223523693525474,0.7939014436932761,0.3353192657766055,0.019570335955112032,0.23016622285466043,0.3303028366357391,0.041613362779712275,0.22673743691733828,0.12,0.03495070104227102,0.03451034686061345,0.2617993877991494,0.29156272849373926,0.23744518649382898,0.7701529865946743,0.9553643564359983,0.4093449242475161,0.022606627190171008,0.5671640067759378,0.003428785937322154
4.960132221,0.6993278722767601,0.223948718848043,0.7971206979369841,0.33600072226478017,0.019730013956857695,0.23110393019487796,0.3309569715604871,0.04185973176230321,0.22766455461925816,0.12,0.03495371048932597,0.03451302697519218,0.2617993877991494,0.29156272849373926,0.23744518649382898,0.7702001438204862,0.9554512049391228,0.41091789899252257,0.022697220783957434,0.569456143317726,0.0034393755756197963
4.9801097080000005,0.7010030308376869,0.2256636193134287,0.8003324688420561,0.3366805026663555,0.01988997180174825,0.23203953716793038,0.33161093761846666,0.04210671794766752,0.22859198110522463,0.12,0.03495667657646139,0.03451796349690998,0.2617993877991494,0.29156272849373926,0.23744518649382898,0.7702868257839723,0.9556113490615267,0.4124847325318561,0.02278781031795278,0.5717404877368315,0.003447556062705748
