time,command_model_x,command_model_y,command_model_theta,measured_model_x,measured_model_y,measured_model_theta,actual_x,actual_y,actual_theta,command_v,odom_v,wheel_derived_v,command_delta,left_steering,right_steering,rear_left_omega,rear_right_omega,command_position_error,measured_position_error,command_heading_error,measured_heading_error
0.019989917000000003,0.4322010242509411,0.11645297183204452,0.5358246800496028,0.43037593517449113,0.11535848765518919,0.5396975207800523,0.4302649027110787,0.11526658249824497,0.5399779269318049,0.12,0.013540904086254609,0.009180841048497278,-0.3490658503988659,-0.307628593929976,-0.40270820022718495,0.26227331989270175,0.19676873253216215,0.0022707017127911056,0.00014413454063608516,0.0041532468822020885,0.0002804061517526213
0.040041874000000005,0.4342700201794373,0.11768147578120221,0.5314456907575313,0.43077123914593374,0.11559528206020511,0.5388589330046952,0.43062071669456353,0.11540012517898618,0.5393011942940961,0.12,0.022980310370945643,0.0205251580651387,-0.3490658503988659,-0.307628593929976,-0.40270820022718495,0.5873497952247826,0.43890810803215247,0.004303716590918028,0.00024646138978265245,0.007855503536564723,0.000442261289400836
0.060080560000000005,0.43634300298715106,0.11890010081215228,0.5270695996148472,0.4312509873271349,0.11588211371673617,0.5378417180532927,0.43110436756215187,0.11558127033596947,0.5383782017144282,0.12,0.02789379612725041,0.026443270665718385,-0.3490658503988659,-0.307628593929976,-0.40270820022718495,0.7569982884879886,0.5651652447979305,0.006201446351110062,0.0003346701289849647,0.011308602099580956,0.0005364836611354562
0.080384016,0.4384487591447996,0.1201256242482228,0.5226356874328071,0.4317819197801963,0.11619881472448487,0.5367166602159039,0.43165465588295365,0.11578678495746612,0.5373269124345335,0.12,0.030448717733633182,0.02952118710021831,-0.3490658503988659,-0.307628593929976,-0.40270820022718495,0.845241740063039,0.6308176149478765,0.008061350105512068,0.00043123616319937013,0.014691225001726371,0.0006102522186295367
0.10018974400000001,0.44050817430040745,0.12131198508036303,0.5183104701568235,0.43230018396210435,0.11650716910019619,0.5356191825494617,0.43165465588295365,0.11578678495746612,0.5373269124345335,0.12,0.030448717733633182,0.031122698774193366,-0.3490658503988659,-0.307628593929976,-0.40270820022718495,0.8911461153466246,0.6649888233630439,0.010436121155211529,0.0009672951018530581,0.019016442277709933,0.0017077298850717293
0.120191659,0.44259315176068637,0.12250109066143522,0.5139424091438299,0.43284678795141357,0.11683157324784715,0.5344624470476226,0.4322397508822761,0.11600458833299433,0.5362089344350098,0.12,0.0317780039719653,0.031955684352414394,-0.3490658503988659,-0.307628593929976,-0.40270820022718495,0.915016454646106,0.6827677629746136,0.012222825052028844,0.0010258645391576385,0.022266525291179895,0.0017464873873872524
0.14026565000000002,0.4446908351668781,0.12368532964855238,0.5095586080196733,0.4334076757884297,0.1171635779958267,0.5332762972614816,0.43284308871118016,0.11622840828173521,0.5350563088991286,0.12,0.032469076562935094,0.032388478429939825,-0.3490658503988659,-0.307628593929976,-0.40270820022718495,0.9274127952892379,0.6920111262077533,0.013999098983484505,0.0010923831571161972,0.025497700879455243,0.0017800116376469612
0.16011723900000002,0.44677039210501357,0.12484734314973531,0.5052233755203415,0.43396887139658524,0.11749486665693248,0.5320903284607484,0.43345604025913204,0.11645498752507195,0.5338857021273249,0.12,0.03282782552260376,0.03261287298046034,-0.3490658503988659,-0.307628593929976,-0.40270820022718495,0.9338338094410353,0.6968098395819816,0.01573860216177878,0.0011594586600739843,0.028662326606983424,0.0017953736665764497
0.18054514000000002,0.4489154844350472,0.12603380279972703,0.5007622867728194,0.43455171951985755,0.11783800589740125,0.5308594625009472,0.4346949567155798,0.11691047062214317,0.5315211177117455,0.12,0.0331093873122766,0.03272880836104843,-0.3490658503988659,-0.307628593929976,-0.40270820022718495,0.9371400647816256,0.6993003532707959,0.016895520076123084,0.0009385300107542857,0.030758830938926066,0.0006616552107983064
0.200005589,0.450964008481086,0.12715494503729374,0.4965124722639461,0.4351073662731785,0.11816421060898727,0.529686889546117,0.4346949567155798,0.11691047062214317,0.5315211177117455,0.12,0.0331093873122766,0.032788998092896565,-0.3490658503988659,-0.307628593929976,-0.40270820022718495,0.9388518094213442,0.7005980952234842,0.019225797808969977,0.0013198278667351222,0.03500864544779936,0.0018342281656285042
0.220606626,0.45313762199492374,0.12833257126802536,0.4920135737061361,0.43569732302220926,0.11850962821411974,0.52844276830409,0.4359407295044112,0.1173651225039362,0.5291456592077095,0.12,0.03318468890214591,0.032820236148806144,-0.3490658503988659,-0.307628593929976,-0.40270820022718495,0.9397339289919538,0.7012778784483534,0.020396520382731154,0.001170102575085047,0.03713208550157343,0.0007028909036195241
0.24099740200000003,0.45529427304743186,0.12948848743212157,0.4875605923955823,0.4362819118481805,0.11885092700746,0.5272108635253502,0.43656470019293436,0.1175915866352534,0.5279566850797004,0.12,0.03319766312479609,0.032836296894371314,-0.3490658503988659,-0.307628593929976,-0.40270820022718495,0.9401805495506599,0.7016342951679058,0.02218858147521946,0.0012907003606562148,0.04039609268411809,0.0007458215543502122
0.261209216,0.45743707688907087,0.13062472799587282,0.48314669318966735,0.4368618959474473,0.11918858010428678,0.5259895397658332,0.43718911074778244,0.1178173720913845,0.5267674229773434,0.12,0.03320394152762683,0.03284434251961159,-0.3490658503988659,-0.307628593929976,-0.40270820022718495,0.940397038726764,0.7018200872538154,0.023958474453165724,0.0014097095233436495,0.043620729787676005,0.0007778832115101775
0.28055240200000003,0.45949257077662237,0.1317030749905452,0.47892248682574257,0.4374173934159259,0.11951106991944829,0.5248206099356039,0.43781386802901884,0.11804244505932965,0.5255780496310398,0.12,0.03320661150114543,0.032848094333046654,-0.3490658503988659,-0.307628593929976,-0.40270820022718495,0.9404901148036648,0.7019146018486679,0.025623796809539665,0.0015212005451569195,0.04665556280529726,0.0007574396954359575
0.300265375,0.4615919834315154,0.1327931783293423,0.4746175255852066,0.43798389421232725,0.11983906285219989,0.5236293334735874,0.43781386802901884,0.11804244505932965,0.5255780496310398,0.12,0.03320661150114543,0.03284948386112661,-0.3490658503988659,-0.307628593929976,-0.40270820022718495,0.940515183135005,0.7019590099213255,0.027981831678742956,0.001804645227369736,0.05096052404583323,0.0019487161574524015
0.320317892,0.46373231107615054,0.13389285422765002,0.4702384139991364,0.43856056121275444,0.12017202519616822,0.5224175137886028,0.43843892066767587,0.11826678719904357,0.5243886611733692,0.12,0.033207274886698446,0.032849234424254505,-0.3490658503988659,-0.307628593929976,-0.40270820022718495,0.9404910298757434,0.7019706913369818,0.029730953047926664,0.0019091171383376565,0.054150247174232835,0.0019711473847664474
0.340123396,0.46585100951314434,0.13496971632201207,0.46591324564075226,0.4391305011347912,0.12050018311060096,0.5212206670692846,0.4390642349200643,0.11849038686173521,0.5231993325089461,0.12,0.03320601521551792,0.032846302520256956,-0.3490658503988659,-0.307628593929976,-0.40270820022718495,0.9403919762220606,0.701923149790787,0.031449953776767736,0.002010888403957076,0.057286086868193864,0.00197866543966152
0.360169077,0.4680000949604117,0.1360503522669989,0.46153562691499495,0.43970768301943214,0.12083159159807844,0.5200094463769265,0.439689762703682,0.11871322726978101,0.5220101466658683,0.12,0.03320217958402147,0.03284168558478594,-0.3490658503988659,-0.307628593929976,-0.40270820022718495,0.9402445175046168,0.7018397617346798,0.03319715071592124,0.0021184401254507055,0.06047451975087337,0.002000700288941837
0.380129003,0.470144676521241,0.13711698736405795,0.4571767355497013,0.44028270427983535,0.12116083403598821,0.5188035975103068,0.44031546652713643,0.11893529567308979,0.5208211634248934,0.12,0.03319694203588235,0.03283617875945711,-0.3490658503988659,-0.307628593929976,-0.40270820022718495,0.9400713823800128,0.7017375555928428,0.034933589589645764,0.002225779497070811,0.06364442787519209,0.002017565914586572
0.400151128,0.472300584397188,0.1381775590398322,0.45280426103364696,0.44085981136034375,0.1214903473481067,0.5175942087014159,0.4409413260807003,0.11915658562379422,0.5196324183499226,0.12,0.03319096693052181,0.03283020370288193,-0.3490658503988659,-0.307628593929976,-0.40270820022718495,0.9398846790312629,0.7016255061128336,0.03667697522770689,0.002335184882509465,0.06682815731627562,0.0020382096485066508
0.420150344,0.4744586369339357,0.13922749126311515,0.44843678943405074,0.44143654522450493,0.12181872331391765,0.51638643512712,0.44156733015899974,0.11937709397326965,0.5184439294936667,0.12,0.03318460706851711,0.03282398650812964,-0.3490658503988659,-0.307628593929976,-0.40270820022718495,0.9396909111938875,0.7015084142125945,0.03841713594123921,0.0024451295540735634,0.07000714005961595,0.002057494366546675
0.440135851,0.47661977199881667,0.14026727503295355,0.4440723116352195,0.44201316575391575,0.1221461131857426,0.5151797278327106,0.44219347242771573,0.11959681932564656,0.5172557054993749,0.12,0.033178052908852396,0.032828107990838074,-0.3490658503988659,-0.307628593929976,-0.40270820022718495,0.9392149607803625,0.7021904387615411,0.04015517203682391,0.002555662278498511,0.07318339386415545,0.002075977666664341
0.46019149200000004,0.47879302438023064,0.14130123242276185,0.4396925178233422,0.442592165630249,0.1224739307042066,0.5139688699443303,0.4428197156064258,0.11981606275759009,0.5160707638003531,0.12,0.03317575046834199,0.03281429158751045,-0.3490658503988659,-0.307628593929976,-0.40270820022718495,0.9388410094515903,0.7018735699239325,0.04190097206123888,0.0026675908631777767,0.07637824597701093,0.002101893856022774
0.480108018,0.4809556784941003,0.14231855562491916,0.4353431042429488,0.4431666358864429,0.1227982656931825,0.5127683069951837,0.4434459348012234,0.12003463400518975,0.5148881714131871,0.12,0.03312344324923131,0.03284069853822116,-0.3490658503988659,-0.307628593929976,-0.40270820022718495,0.9400263596548095,0.7020085672562482,0.04362973796230688,0.0027777091263620855,0.07954506717023829,0.002119864418003381
0.500208879,0.4831427938447279,0.14333579152155485,0.43095343519067536,0.44374722865148036,0.12312513873623132,0.5115557698558028,0.44407233926091183,0.12025241000566159,0.5137054064832755,0.12,0.03314702201760821,0.03282069394693496,-0.3490658503988659,-0.307628593929976,-0.40270820022718495,0.9391169141011607,0.7019177832455872,0.04537998373285647,0.002891066804452242,0.08275197129260009,0.0021496366274726952
0.5201736690000001,0.48531951786925187,0.14433659590472636,0.42659348161465005,0.444324781668799,0.123449378755246,0.5103504030337943,0.4446991394634634,0.12046946403891046,0.5125221414149005,0.12,0.03317558687697812,0.03282568366723633,-0.3490658503988659,-0.307628593929976,-0.40270820022718495,0.9392415164447531,0.7020426669170635,0.04711321603679472,0.0030033373894817646,0.08592865980025045,0.0021717383811061808
0.5401821170000001,0.48750535409903917,0.14533006812490099,0.4222239939111322,0.4449040473453783,0.12377366259653018,0.509142278507268,0.4453263108129222,0.12068578311444891,0.5113382499679436,0.12,0.033178933783571604,0.032826854933965345,-0.3490658503988659,-0.307628593929976,-0.40270820022718495,0.9392563182900243,0.7020864284082426,0.048850920935111584,0.0031166177391333443,0.08911425605681146,0.0021959714606756275
0.560247226,0.4897017126157771,0.14631676620140252,0.4178421324571481,0.4454853504431244,0.12409816526642314,0.5079307232347748,0.4459537644011399,0.12090137706525915,0.5101543514063772,0.12,0.0331791943277865,0.03282616768768335,-0.3490658503988659,-0.307628593929976,-0.40270820022718495,0.9392179693593222,0.7020904150248455,0.05059471294445869,0.003230923465383399,0.09231221894922914,0.0022236281716023765
0.580059434,0.49187463643586493,0.14728151575860515,0.4135155000648936,0.4460596931537455,0.12441787034273212,0.5067344830167065,0.4465814584719701,0.12111623170535991,0.5089705214029824,0.12,0.033177957624774636,0.03282460101883135,-0.3490658503988659,-0.307628593929976,-0.40270820022718495,0.9391546451601539,0.7020754057814135,0.05230768642996989,0.003342612262750653,0.09545502133808874,0.0022360383862758404
0.6001665700000001,0.494084122379782,0.14825107621809022,0.40912446066468816,0.44664293951289435,0.12474161831078238,0.5055205057875172,0.44720937265251537,0.1213303401998728,0.5077867934690847,0.12,0.03317603287638725,0.03282266106056064,-0.3490658503988659,-0.307628593929976,-0.40270820022718495,0.9390808817484119,0.7020521712796202,0.054055232769422354,0.003457985663884659,0.09866233280439657,0.0022662876815675585
0.6201748850000001,0.4962869645573782,0.149206208028998,0.4047550020059949,0.44722367166143895,0.12506304909927257,0.5043125747502687,0.4478374976028114,0.12154369952303003,0.5066031798947629,0.12,0.03317384046681064,0.03282061171846231,-0.3490658503988659,-0.307628593929976,-0.40270820022718495,0.9390042592688501,0.7020263266542653,0.05579036856863748,0.0035724786529943518,0.101848177888768,0.0022906051444941955
0.640310196,0.49850796725224394,0.15015770674994294,0.4003578096889792,0.4478084406255077,0.1253857920934605,0.5030970588632686,0.4484658297447493,0.12175630860907069,0.5054196819545086,0.12,0.03317160040409725,0.03281859140358211,-0.3490658503988659,-0.307628593929976,-0.40270820022718495,0.9389287567475978,0.7020008134315077,0.0575400290465285,0.0036885377614382323,0.10506187226552938,0.0023226230912399837
0.660171713,0.5007028752477095,0.15108662485184204,0.3960204090917559,0.44838560682264855,0.12570342436100207,0.5018981497007997,0.44909436853368334,0.12196816739668438,0.5042362951526234,0.12,0.03316942861777006,0.032816673099147375,-0.3490658503988659,-0.307628593929976,-0.40270820022718495,0.938856475491709,0.7019771794656597,0.05925641340664748,0.0038019058053182678,0.10821588606086745,0.002338145451823648
0.68007286,0.5029061792068882,0.1520078485223219,0.3916743540103022,0.4489642701796466,0.1260209772760157,0.5006969222893328,0.4497231150370313,0.1221792763326115,0.503053011955271,0.12,0.033167386670076245,0.03281489542928166,-0.3490658503988659,-0.307628593929976,-0.40270820022718495,0.9387885300383143,0.7019562414257687,0.060976897538099484,0.003915930496846421,0.11137865794496876,0.0023560896659381436
0.700102514,0.5051277190722874,0.1529253745400577,0.38730023529511165,0.44954702059695273,0.1263398628212033,0.4994880067309428,0.450352071188857,0.12238963611214498,0.5018698232274129,0.12,0.03316550748908543,0.032813278746908765,-0.3490658503988659,-0.307628593929976,-0.40270820022718495,0.938725509490131,0.7019384278553074,0.06271206361129775,0.004031426237509884,0.11456958793230126,0.002381816496470124
0.720244047,0.5073656821233684,0.1538382452017034,0.38290168420441734,0.4501333832592892,0.1266598045011078,0.49827240084017144,0.45098123939454343,0.12259924754203866,0.5006867189994738,0.12,0.033163808691726325,0.03281183346108649,-0.3490658503988659,-0.307628593929976,-0.40270820022718495,0.9386677163899482,0.7019239566643762,0.0644599127878768,0.004148130041830071,0.11778503479505648,0.0024143181593023755
0.74016273,0.5095828333576446,0.15473127209474288,0.3785517995737468,0.4507136160713073,0.12697548678166679,0.49707029936681935,0.45161062231667515,0.1228081114666962,0.49950368888668994,0.12,0.03316229947459845,0.03281056434214134,-0.3490658503988659,-0.307628593929976,-0.40270820022718495,0.9386152903183581,0.7019129267887089,0.06618055180687735,0.004262820336356578,0.12095188931294315,0.002433389519870599
0.760276307,0.5118255796477089,0.15562328957584168,0.37415935357417396,0.45129988567881135,0.12729354068101445,0.4958564840979368,0.4522402227545598,0.12301622872709625,0.49832072232838936,0.12,0.033160984171479904,0.03280947274439805,-0.3490658503988659,-0.307628593929976,-0.40270820022718495,0.938568271822185,0.7019053653977174,0.06792374528305799,0.004379455601688254,0.1241613687542154,0.002464238230452553
0.7801849710000001,0.5140493340923413,0.15649646009904544,0.3698116569141696,0.45188054457602306,0.1276076390978221,0.4946550755118358,0.45287004357201627,0.12322360013668937,0.49713780873376007,0.12,0.03315986408582219,0.032808497452863745,-0.3490658503988659,-0.307628593929976,-0.40270820022718495,0.9385227609271469,0.7019021117160403,0.0696418609648313,0.004494319289481041,0.12732615181959045,0.002482733221924272
0.8002587790000001,0.5162953413298352,0.1573671169446887,0.36542789575394474,0.45246637693675645,0.12792362683978348,0.49344374915045747,0.4535000861707024,0.12343022629307111,0.4959549500465923,0.12,0.03315854994206641,0.03280581716817341,-0.3490658503988659,-0.307628593929976,-0.40270820022718495,0.9384294845263811,0.7018613738822891,0.07137896481177382,0.004610770353589532,0.13052705429264755,0.0025112008961348242
0.820164969,0.5185263576847422,0.1582207317223778,0.3610807393713562,0.4530476377173817,0.12823624040255524,0.49224265932404176,0.4541303256165245,0.12363609929225985,0.4947722001133036,0.12,0.03315518616886329,0.0328014701945423,-0.3490658503988659,-0.307628593929976,-0.40270820022718495,0.9382901695789825,0.7017833401481324,0.07309545640090968,0.004725834457699495,0.13369146074194738,0.0025295407892618194
0.8402152180000001,0.5207772360766451,0.15907074716242442,0.3567021230759808,0.45363339849655077,0.12855036768517158,0.49103305141077025,0.45476072679061624,0.12384120700706254,0.4935896005486285,0.12,0.033150415519598936,0.03279611235620045,-0.3490658503988659,-0.307628593929976,-0.40270820022718495,0.9381222684475395,0.7016833493624831,0.07482847050334908,0.004842216783132393,0.13688747747264768,0.002556549137858244
0.860138539,0.5230175421718767,0.15990558017740542,0.3523512255889424,0.4542157290107679,0.1288617490330481,0.4898313057324314,0.4553912678681072,0.12404554235520149,0.492407187453935,0.12,0.033144766529264916,0.03279007542032272,-0.3490658503988659,-0.307628593929976,-0.40270820022718495,0.9379352757297934,0.7015684952863429,0.07654577250781763,0.004957594010086824,0.14005596186499264,0.0025758817215036367
0.8802014770000001,0.5252771840606099,0.16073643989110253,0.3479698382425854,0.45480240606351574,0.12917454850428378,0.4886213667994413,0.4560219342848227,0.12424910066754605,0.4912249833294413,0.12,0.033138515379047086,0.03278376705370458,-0.3490658503988659,-0.307628593929976,-0.40270820022718495,0.937735819640193,0.701452533045036,0.07827908753378231,0.005074178305399654,0.14325514508685586,0.002603616530000019
0.900047452,0.5275159693987393,0.16154851342906903,0.3436358317405907,0.4553830058983228,0.12948320616888337,0.4874247323526653,0.45665272021318587,0.12445187685502526,0.4900430314612469,0.12,0.03313242228571402,0.03277830495241901,-0.3490658503988659,-0.307628593929976,-0.40270820022718495,0.9375654882492167,0.7013497593717342,0.07998600208936892,0.005189070158116583,0.1464071997206562,0.0026182991085815788
0.920163672,0.5297887866770568,0.16236180233312136,0.33924280855702044,0.45597179233106083,0.12979531287090962,0.4862119956888526,0.4572836373222017,0.12465387592668833,0.48886129396090877,0.12,0.033127164045433394,0.03277336083284872,-0.3490658503988659,-0.307628593929976,-0.40270820022718495,0.9374107002747711,0.701257341367665,0.08172444185702837,0.005306157850289116,0.14961848540388833,0.002649298272056177
0.9402388930000001,0.532060515328942,0.16316346167864587,0.33485873882283096,0.45655967029216743,0.13010602532189186,0.48500190724367875,0.457914695894112,0.12485510293672929,0.48767972465602427,0.12,0.03312233203966321,0.03276862264431886,-0.3490658503988659,-0.307628593929976,-0.40270820022718495,0.9372622056631174,0.7011689265528257,0.08345737168855608,0.005422940187474561,0.1528209858331933,0.002677817412345518
0.9602167110000001,0.5343246975182778,0.16395131272223645,0.3304959401642784,0.4571449875803409,0.13041447881073562,0.48379785888200044,0.45854590041659427,0.12505555922833808,0.48649830843744285,0.12,0.03311768768383374,0.03276467254872332,-0.3490658503988659,-0.307628593929976,-0.40270820022718495,0.9371454055512413,0.7010882218849244,0.08517808245104037,0.005539004952641157,0.15600236827316444,0.002700449555442408
0.980193932,0.5365922276210321,0.16472925488012247,0.3261332718798638,0.4577305977213327,0.13072218628011228,0.48259397110937186,0.4591772616604483,0.125255249120633,0.48531697797438705,0.12,0.03311426019519546,0.03276194621580124,-0.3490658503988659,-0.307628593929976,-0.40270820022718495,0.9370553263620823,0.7010419844279794,0.08689806721313514,0.005655107289736695,0.15918370609452326,0.0027230068650151984
1.000368963,0.5388856160085755,0.1655049021686077,0.321727405424225,0.45832233751527907,0.13103220606014535,0.48137825025572045,0.4598088035895121,0.12545417916039636,0.4841357206585589,0.12,0.033111875701873496,0.03276028991091232,-0.3490658503988659,-0.307628593929976,-0.40270820022718495,0.9370046425203177,0.7010098530252983,0.08864086346510967,0.005772691355353151,0.16240831523433388,0.002757470402838469
1.020249583,0.5411488829298022,0.16625926626246185,0.3173858330729705,0.458905799895148,0.13133698574929348,0.4801802973577134,0.4604405446362393,0.12565235695263688,0.4829544173826173,0.12,0.03311112567761594,0.03276144423119853,-0.3490658503988659,-0.307628593929976,-0.40270820022718495,0.9370264942159251,0.7010457173440017,0.09034797703216463,0.0058881615106996495,0.16556858430964677,0.0027741200249039033
1.040267933,0.5434311057574303,0.1670089551405024,0.31301418294949684,0.4594937069859483,0.13164319129614763,0.478973972683926,0.4610725338738658,0.125849795531684,0.4817730227367696,0.12,0.03311311673301637,0.03276435212846506,-0.3490658503988659,-0.307628593929976,-0.40270820022718495,0.9370986449070123,0.7011189615162405,0.09207068362081623,0.006004675580388708,0.16875883978727274,0.002799050052843588
1.060284346,0.5457163629982986,0.1677485882321264,0.3086429558322294,0.46008198846243137,0.13194869023350633,0.47776763687484974,0.4617048098141586,0.12604650571040688,0.4805914908267152,0.12,0.03311662679738296,0.032768275571929115,-0.3490658503988659,-0.307628593929976,-0.40270820022718495,0.9372002188462007,0.7012135597502549,0.09379234912859305,0.006121219754618898,0.17194853499448584,0.0028238539518654626
1.080182789,0.5479913440372396,0.168473924677873,0.3042974912560838,0.4606672466510914,0.13225172329887905,0.47656825114293083,0.46233739398290447,0.1262424933972702,0.4794097775674514,0.12,0.03312103580831208,0.03277281844810088,-0.3490658503988659,-0.307628593929976,-0.40270820022718495,0.937319895902222,0.701321026502822,0.09549917773425494,0.006237005380817966,0.1751122863113676,0.0028415264245205685
1.1001739590000001,0.550280071539553,0.16919270243414128,0.2999317767591905,0.4612556852584681,0.13255550869074045,0.4753630952429993,0.4629702992588371,0.1264377617162601,0.4782278551298603,0.12,0.033126011353856503,0.03277799516586414,-0.3490658503988659,-0.307628593929976,-0.40270820022718495,0.93745153310997,0.7014482251832369,0.09721615756395648,0.006353481660792372,0.1782960783706698,0.0028647598868610236
1.120182803,0.5525739413962533,0.16990210806622885,0.29556220257634497,0.4618451151734703,0.1328589067313491,0.47415665882045915,0.46360353791249703,0.1266323111523591,0.47704572771799897,0.12,0.033131917355511575,0.032784314576347784,-0.3490658503988659,-0.307628593929976,-0.40270820022718495,0.9376224829816693,0.70159324583572,0.09893436218538995,0.006470126971970795,0.181483525141654,0.002889068897539815
1.1402659670000002,0.5548794208301492,0.1706040814545392,0.29117639823281305,0.4624372254253764,0.13316278137820461,0.4729454875684088,0.4642371305196988,0.1268261476460586,0.4758633463127579,0.12,0.033138858658933464,0.03279139430137515,-0.3490658503988659,-0.307628593929976,-0.40270820022718495,0.9378159905888199,0.7017537244799374,0.10066048023561024,0.006587304866479038,0.18468694807994485,0.0029178587443490778
1.160225587,0.557173755562072,0.17129168071117906,0.2868175736924544,0.4630261940451635,0.13346414305713813,0.47174149007468263,0.46487109225670686,0.127019276448675,0.4746806578217584,0.12,0.033146482018121606,0.032798955866410004,-0.3490658503988659,-0.307628593929976,-0.40270820022718495,0.9380237402444533,0.7019240530760469,0.10237102828655281,0.006703726949379655,0.18786308412930397,0.002939167747075755
1.180216943,0.5594747183601018,0.17197035024345025,0.28245181857648294,0.46361660586519055,0.13376534677471663,0.4705352845406763,0.4655054330290636,0.12721169946952768,0.4734976401403783,0.12,0.03315455407730813,0.03280684846466186,-0.3490658503988659,-0.307628593929976,-0.40270820022718495,0.9382414236088841,0.7021009996242089,0.10408440519466892,0.006820407689852212,0.1910458215638954,0.002962355599702038
1.2002401870000001,0.5617822970582408,0.1726400344048113,0.27807909969081335,0.46420847268998433,0.13406639361109182,0.4693268491852076,0.4661401594550064,0.12740341756916124,0.47231427749394483,0.12,0.0331629465437352,0.03281498673965197,-0.3490658503988659,-0.307628593929976,-0.40270820022718495,0.9384666145942983,0.7022827223883001,0.10580061430847855,0.006937338358008961,0.19423517780313151,0.0029874283087372162
1.220244002,0.5640905401113683,0.17329898179062417,0.2737106237517527,0.46480028234335036,0.13436651173368905,0.46811927192370195,0.46677527630169235,0.12759443101918538,0.4711305576273719,0.12,0.03317158510248052,0.032823319200798506,-0.3490658503988659,-0.307628593929976,-0.40270820022718495,0.9386978595554862,0.702468100484439,0.10751356440731488,0.007054195796775126,0.19741993387561918,0.0030112857036699303
1.2403144160000001,0.5664093341048627,0.17394999966812535,0.2693276037805129,0.46539458381259824,0.13466699182920022,0.4669073514344756,0.46741078722709345,0.12778473973741242,0.46994647038609877,0.12,0.03318042346634172,0.03283181017589001,-0.3490658503988659,-0.307628593929976,-0.40270820022718495,0.9389340538346447,0.7026564549598555,0.10923343585358912,0.007171504030783205,0.20061886660558587,0.0030391189516231765
1.2601980620000002,0.5687093550383446,0.17458488450208554,0.2649853706049012,0.465983870934464,0.13496404047392463,0.46570639138469955,0.4680466943235366,0.1279743438527395,0.4687620128063926,0.12,0.03318919094040232,0.032838231143492026,-0.3490658503988659,-0.307628593929976,-0.40270820022718495,0.9391090116792206,0.7028025454953807,0.11093022023690789,0.007287736218518881,0.20377664220149144,0.003055621421693078
1.280247879,0.5710313556204686,0.17521499848032926,0.2606068486506105,0.4665785459528657,0.1352629099453434,0.4644951832361733,0.46868296717407304,0.1281632358180315,0.4675772553180541,0.12,0.033194986650853624,0.032841859815177975,-0.3490658503988659,-0.307628593929976,-0.40270820022718495,0.9392073017017099,0.702885689057189,0.11264573221921668,0.007404995704947437,0.2069704066674436,0.0030820720818808267
1.3002282920000001,0.5733480456448303,0.17583279354634315,0.25624348329040325,0.4671715858024101,0.1355600584432686,0.4632880394604042,0.4693195504978669,0.12835139511662286,0.46639227685597695,0.12,0.0331985156258873,0.03284403127029923,-0.3490658503988659,-0.307628593929976,-0.40270820022718495,0.9392644705840975,0.7029370929308638,0.1143521359633638,0.007521873389645435,0.2101487935655737,0.003104237395572751
1.3202853890000001,0.5756763108944077,0.17644280645160101,0.2518633715141293,0.4677673028747683,0.1358576492754229,0.46207617825996566,0.46995641188379605,0.12853881134596057,0.46520713457767554,0.12,0.03320082944922734,0.03284540131760207,-0.3490658503988659,-0.307628593929976,-0.40270820022718495,0.9392993099502406,0.7029707559298631,0.11606674714962575,0.007639213761320137,0.21334376306354624,0.0031309563177098765
1.3401980530000002,0.577990440593803,0.17703829619583167,0.2475148013255628,0.46835911700216803,0.13615239475719856,0.46087298429399454,0.4705935333488007,0.12872547853369254,0.46402185868385554,0.12,0.033202471078001033,0.032849500373421964,-0.3490658503988659,-0.307628593929976,-0.40270820022718495,0.939385725459836,0.7030892932112622,0.11776342401716557,0.007755752768176429,0.21650705735829276,0.003148874389861
1.3603344000000002,0.5803331618657133,0.17763029333890112,0.24311738276464948,0.4689578762259497,0.13644970057559733,0.45965639866683716,0.4712308744452372,0.12891143125965868,0.4628360118259329,0.12,0.033199085608208376,0.032869402292221885,-0.3490658503988659,-0.307628593929976,-0.40270820022718495,0.9394053633545387,0.7040647512565553,0.11948571731665847,0.007873501456436414,0.21971862906128345,0.003179613159095762
1.3801954220000001,0.582646396340332,0.17820402940345714,0.23878009026658575,0.4695486602912219,0.13674215103350254,0.4584567411217024,0.47186824265048544,0.12909676754263777,0.4616483201018125,0.12,0.03319096083107965,0.03296273668781566,-0.3490658503988659,-0.307628593929976,-0.40270820022718495,0.9392731796534992,0.7088636547372834,0.12117476017058317,0.007989515069376504,0.22286822983522675,0.003191578980110077
1.400174387,0.5849758491055198,0.17877107439844808,0.234417041123718,0.4701432731931653,0.13703560924150432,0.4572500244137038,0.4725057286179496,0.12928134772868363,0.46046041356425926,0.12,0.033189175784679975,0.03293966113071049,-0.3490658503988659,-0.307628593929976,-0.40270820022718495,0.9392633304006618,0.7077197261348629,0.1228770159482096,0.0081061561324283,0.22604337244054126,0.003210389150555437
1.4202364470000002,0.587317452417463,0.17933026662861973,0.23003584551688044,0.4707407127865455,0.13732956649468828,0.45603829193721285,0.47314340470022925,0.1294651695760485,0.459272351048773,0.12,0.03318909042818864,0.03303231777803336,-0.3490658503988659,-0.307628593929976,-0.40270820022718495,0.939243397486725,0.7123724914149429,0.12458828627202287,0.00822323946665741,0.22923650553189256,0.0032340591115601613
1.4401627780000001,0.5896456247399311,0.17987548075485296,0.22568429069959894,0.4713344944720786,0.13762083079454368,0.45483469517183733,0.4737813191878263,0.1296482335506864,0.4580841608545176,0.12,0.0331908060244285,0.03288011056763744,-0.3490658503988659,-0.307628593929976,-0.40270820022718495,0.9393572467523034,0.7046482816295685,0.12628267364440762,0.008339619775646533,0.23239987015491861,0.0032494656826802526
1.4602089360000001,0.5919901621407956,0.18041377627222727,0.22130656780556057,0.47193223972921206,0.1379131472958657,0.4536237782782611,0.4744194879867657,0.1298305467086333,0.45689577566805223,0.12,0.03319306195168769,0.03285171243627295,-0.3490658503988659,-0.307628593929976,-0.40270820022718495,0.9394299373648329,0.7031556844488148,0.12799033765920112,0.00845664449692862,0.23558920786249166,0.0032719973897911148
1.480302554,0.5943425898794126,0.18094305305136674,0.21691848049513118,0.4725317856906575,0.13820544530611656,0.4524099314262387,0.47505792367690586,0.13001211224455778,0.45570716447164117,0.12,0.0331947866890623,0.03289510354688935,-0.3490658503988659,-0.307628593929976,-0.40270820022718495,0.9394685827185294,0.7052865946259379,0.12970270746021506,0.008573918578059805,0.23878868397650999,0.0032972330454024705
1.500136326,0.596666866684732,0.1814552911809754,0.2125871389103977,0.473123978386605,0.13849326919922372,0.45121168029986425,0.4756966283746349,0.13019292332672727,0.45451838940239037,0.12,0.03319759763851196,0.03285514726858735,-0.3490658503988659,-0.307628593929976,-0.40270820022718495,0.9395473433813788,0.7032100200479887,0.13138351842916196,0.008689894680833532,0.24193125049199268,0.0033067091025261175
1.5200531110000002,0.5990030776677633,0.1819595590849369,0.20823766876902997,0.4737190523897393,0.13878161252047763,0.45000829906499534,0.47633560055133933,0.13037298291217445,0.45332939825972424,0.12,0.03320076779256961,0.032858786938054274,-0.3490658503988659,-0.307628593929976,-0.40270820022718495,0.9396409472045903,0.7032983996981234,0.13307323090440323,0.008806325917861851,0.24509172949069427,0.0033210991947288937
1.5402157890000001,0.6013703295540831,0.18245976116231313,0.20383449998797357,0.47432187026801914,0.13907281292044454,0.4487899673973152,0.47697484810074886,0.1305522942799248,0.4521401706771434,0.12,0.03320331501953924,0.03286162468343476,-0.3490658503988659,-0.307628593929976,-0.40270820022718495,0.9397208562839885,0.7033603778877494,0.13479102686808594,0.008923986176838233,0.24830567068916984,0.0033502032798282118
1.560173437,0.6037156667136125,0.18294455460832237,0.19947610609719613,0.47491895211128904,0.13936034577398024,0.44758393749999675,0.4776143640204979,0.1307308507774019,0.45095075334412976,0.12,0.03320571552388984,0.03293776771784455,-0.3490658503988659,-0.307628593929976,-0.40270820022718495,0.9397550939550381,0.707133291937189,0.13648373312832413,0.009040654249349184,0.25147464724693364,0.0033668158441330087
1.5801475120000001,0.6060650266630869,0.18341951219182528,0.1951141248429957,0.47551693624503966,0.13964742522053827,0.4463767853017166,0.4782541441117733,0.1309086510437263,0.4497611379435864,0.12,0.03320928159746849,0.032957743283222735,-0.3490658503988659,-0.307628593929976,-0.40270820022718495,0.9398091751824992,0.7080779889786376,0.13817746645911777,0.009157427642030517,0.2546470131005907,0.0033843526418698144
1.6001254470000001,0.6084168904226418,0.18388430722981242,0.19075130063373272,0.47611543592918854,0.13993386369208946,0.44516929125716553,0.4788942004141654,0.13108569611687948,0.4485713345186112,0.12,0.03321226764958374,0.03293874908963865,-0.3490658503988659,-0.307628593929976,-0.40270820022718495,0.9398836058508304,0.7070538486311018,0.13987072804016784,0.009274243985466746,0.2578200338848785,0.0034020432614456637
1.6201074050000002,0.6107712336156114,0.18433892863836665,0.18638759787311826,0.4767144426088313,0.14021965635183473,0.44396147144940373,0.47953452049197615,0.13126198611897594,0.44738131019885974,0.12,0.03321453932187828,0.032995841380180656,-0.3490658503988659,-0.307628593929976,-0.40270820022718495,0.9399442295331266,0.7098478394759064,0.14156354297170595,0.009391096595587081,0.2609937123257415,0.0034198387494560056
1.6401151260000002,0.6131305762337984,0.18478384499505165,0.18201826893341658,0.47731461898487454,0.14050511768010934,0.4427519891983242,0.4801751025837617,0.13143751107428756,0.4461911628292568,0.12,0.03321742815258388,0.03287153546437837,-0.3490658503988659,-0.307628593929976,-0.40270820022718495,0.9400345806012927,0.7035421926176257,0.14325847031254824,0.009508094234779413,0.2641728938958402,0.0034391736309326015
1.66007973,0.6154867517438833,0.1852175118154361,0.1776583559764694,0.4779138561443045,0.14078924407457796,0.4415450930693069,0.4808159234813696,0.13161228088195023,0.4450007518299382,0.12,0.03321798781585954,0.03287383502066381,-0.3490658503988659,-0.307628593929976,-0.40270820022718495,0.9401071217904842,0.703584629242706,0.14494741380357162,0.009624897312060232,0.2673423958534688,0.0034556587606313087
1.6800955240000002,0.6178508417171906,0.18564198741449234,0.17328726403774697,0.47851501823080206,0.14107339502223817,0.4403350116155662,0.4814570057429101,0.13178628212587282,0.4438102315104065,0.12,0.033220480485094996,0.03303827813567684,-0.3490658503988659,-0.307628593929976,-0.40270820022718495,0.9400771796609967,0.7118367271228454,0.14664145213381372,0.009741958554173565,0.2705229674726595,0.003475219894840287
1.700279687,0.6202366662082903,0.18605960898508137,0.16887940331640064,0.4791216404494379,0.1413592292565869,0.4391146365634989,0.482098340837237,0.13195951727803049,0.4426195601029865,0.12,0.0332236010858672,0.03305358878734374,-0.3490658503988659,-0.307628593929976,-0.40270820022718495,0.940114703058888,0.712564736308299,0.14835436245365455,0.009859783490449487,0.2737401567865858,0.003504923539487559
1.720073972,0.6225781885548225,0.18645884657025127,0.16455668498725146,0.479716899732894,0.14163882217729945,0.4379178082675901,0.4827399166055693,0.13213198895538342,0.4414287053628751,0.12,0.03322432427313128,0.03296446931112188,-0.3490658503988659,-0.307628593929976,-0.40270820022718495,0.9402007159796002,0.7080227495764938,0.15002049779966542,0.009975896396906195,0.27687202037562364,0.003510897095285015
1.740172606,0.6249574433195457,0.18685394154786006,0.16016750227200505,0.48032168536564046,0.1419220066014695,0.4367025086036687,0.48338172696437426,0.13230369159334673,0.44023768406047525,0.12,0.03322622208548787,0.032877407860115886,-0.3490658503988659,-0.307628593929976,-0.40270820022718495,0.9402604310031979,0.7036099620025964,0.1517214989102726,0.010093356140623445,0.2800701817884702,0.0035351754568065386
1.7601351070000002,0.6273222824354603,0.18723598445220516,0.15580804857269948,0.4809227511526663,0.14220255912333163,0.43549536989676907,0.48402378269683105,0.1324746202548849,0.4390465811994955,0.12,0.03322816454066985,0.03295340246318001,-0.3490658503988659,-0.307628593929976,-0.40270820022718495,0.940278267524941,0.7073918556340593,0.15340556390200935,0.010210249324386808,0.28323853262679605,0.0035512113027264536
1.780176486,0.6296981152737955,0.18760918317176303,0.15143136932691081,0.48152654214732776,0.1424834965069465,0.43428344004167674,0.48466607268363254,0.1326447816699848,0.43785530028032343,0.12,0.03322875048497398,0.03277444791430954,-0.3490658503988659,-0.307628593929976,-0.40270820022718495,0.9350700136629428,0.7036523820525346,0.15509796520368513,0.010327485736201252,0.2864239309534126,0.003571860238646696
1.8001860680000001,0.6320717867486809,0.18797140449008579,0.1470616339780455,0.48212974963280436,0.1427632735788174,0.43307336287776854,0.4853085942735263,0.1328141632166116,0.4366639549031904,0.12,0.033230676019473285,0.03292854799313595,-0.3490658503988659,-0.307628593929976,-0.40270820022718495,0.9380209811401853,0.7084064185166122,0.15678570065665914,0.010444608669030998,0.2896023209251449,0.003590592025421835
1.820159714,0.6344427525952842,0.188322618173647,0.1426997464097834,0.4827324758602715,0.14304194168678036,0.4318649285038667,0.48595151733719516,0.132982668144518,0.43547374584952386,0.12,0.03324526884263531,0.03293543559690616,-0.3490658503988659,-0.307628593929976,-0.40270820022718495,0.9358772276446613,0.7108945522006467,0.15846815774059983,0.010561780731875386,0.2927739994397405,0.003608817345657156
1.840158197,0.636818177982378,0.18866391052851092,0.1383324348842962,0.483336608744925,0.14332037453722193,0.430654349340849,0.48659499634434233,0.13315032950284492,0.4342844858340633,0.12,0.03326291214042064,0.032758729658926164,-0.3490658503988659,-0.307628593929976,-0.40270820022718495,0.9295565390081947,0.7083799439381137,0.16015230869315453,0.010679274589095141,0.2959520509497671,0.0036301364932143088
1.8601953290000002,0.639199664816874,0.18899546496390965,0.1339566831074585,0.4839425847525485,0.14359876793952026,0.4294407530886897,0.4872390695400317,0.13331717187396905,0.43309591465999764,0.12,0.03328149257231472,0.03290410861114253,-0.3490658503988659,-0.307628593929976,-0.40270820022718495,0.9409728914325917,0.7042325391245348,0.1618397195941144,0.010797130619255583,0.29913923155253913,0.0036551615713079633
1.8800652690000001,0.6415626963477972,0.1893139159154773,0.12961744307746526,0.4845439173124778,0.14387414477088292,0.42823712651737694,0.48788372763353244,0.13348324507878495,0.4319029636201597,0.12,0.03328582598777114,0.03304802899949476,-0.3490658503988659,-0.307628593929976,-0.40270820022718495,0.9417530608912715,0.7106483890834662,0.1635062360619773,0.010914445904023929,0.3022855205426944,0.003665837102782732
1.9001824760000001,0.6439565105962991,0.18962594539388208,0.12522420435072223,0.48515263063793523,0.14415201575714187,0.4270193969370849,0.48852826360546164,0.1336487866221581,0.4307053474703387,0.12,0.03326191876292042,0.03308203210363692,-0.3490658503988659,-0.307628593929976,-0.40270820022718495,0.9408916528385174,0.7132099523433286,0.16520103591321567,0.011032348806733008,0.3054811431196164,0.003685950533253768
1.9201448630000002,0.6463332396340927,0.18992513490762308,0.12086477554698066,0.48575673865946783,0.14442689603128256,0.4258115507786261,0.48917251568906794,0.13381357944381791,0.42951115132444717,0.12,0.03324782799312141,0.032916495315282734,-0.3490658503988659,-0.307628593929976,-0.40270820022718495,0.9406095919175558,0.705215173846581,0.16687719978322973,0.011149440421011984,0.3086463757774665,0.00369960054582108
1.940150472,0.6487163991808743,0.1902145857870837,0.11649590783035983,0.4863623060707068,0.14470155796984194,0.42460145091294926,0.48981671623523737,0.13397770751051755,0.42831912859712507,0.12,0.033237898993548065,0.0329694135459095,-0.3490658503988659,-0.307628593929976,-0.40270820022718495,0.9404165197916179,0.7080541575038571,0.168557692552186,0.01126649538493511,0.3118232207667652,0.0037176776841758023
1.960162787,0.6511015998182087,0.19049371576317436,0.11212557564310442,0.4869683171959683,0.14497553745063466,0.42339112778248933,0.49046098778366165,0.13414101650133478,0.42712762459634673,0.12,0.033232891558846143,0.03287943110271709,-0.3490658503988659,-0.307628593929976,-0.40270820022718495,0.9403376956289331,0.7036338595069214,0.17023816537113293,0.011383566753656616,0.3150020489532423,0.003736496813857404
1.980114793,0.65348080592915,0.1907616092251431,0.10776841386436402,0.48757277253577747,0.14524793291707425,0.4221845711936119,0.49110537659665715,0.13430353828873745,0.4259362445306275,0.12,0.03322961092969633,0.03305573366967171,-0.3490658503988659,-0.307628593929976,-0.40270820022718495,0.9402490096982605,0.7125376737853251,0.1719107146886767,0.011500394133755197,0.3181678306662635,0.003751673337015593
2.000175151,0.655874083515979,0.1910205321110602,0.10338758994392969,0.48818086232145164,0.14552108401688593,0.4209714186119295,0.49174994950429984,0.13446527263963176,0.42474504507515926,0.12,0.033230805995841106,0.03295285681983333,-0.3490658503988659,-0.307628593929976,-0.40270820022718495,0.9402913944017043,0.707351446589962,0.1735950135774764,0.011617630934411462,0.3213574551312296,0.0037736264632297627
2.020243117,0.6582693805143867,0.1912690622389124,0.09900510457216997,0.4887894994687302,0.14579359411648737,0.41975783447209236,0.49239471328016216,0.13462623706479984,0.4235538747383467,0.12,0.03323002461545717,0.03287819399033663,-0.3490658503988659,-0.307628593929976,-0.40270820022718495,0.9403202290917217,0.7035894704251099,0.17527924826906863,0.011734880917419447,0.3245487701661767,0.0037960402662543524
2.0401103170000003,0.6606417697449574,0.1915047113313527,0.09466646290924188,0.4893923637617558,0.14606264166992788,0.41855641296915397,0.49303967236112295,0.13478642470368551,0.4223627939346947,0.12,0.03322942790700743,0.033048027864855056,-0.3490658503988659,-0.307628593929976,-0.40270820022718495,0.9402488653183559,0.712152527924397,0.17693904906899022,0.011851410426138725,0.3276963310254528,0.0038063809655407566
2.060072367,0.6630264900774412,0.19173114117645726,0.09030710770028169,0.48999845551844773,0.14633225685023746,0.4173492059973618,0.49368482476430914,0.1349458341287438,0.4211717979037895,0.12,0.033230794388423746,0.03293934607667514,-0.3490658503988659,-0.307628593929976,-0.40270820022718495,0.9402880054366195,0.7066792983971373,0.17860898831673597,0.011968288959136125,0.33086469020350784,0.003822591906427697
2.080127544,0.6654233045372049,0.1919481808923778,0.0859274152177176,0.49060768195089033,0.14660238593992617,0.4161364058224022,0.49433016226723825,0.13510447127242212,0.41998084514249623,0.12,0.03322973509545352,0.032876784871596905,-0.3490658503988659,-0.307628593929976,-0.40270820022718495,0.9403010109805284,0.7035382325993168,0.18028885338580666,0.012085483085371577,0.3340534299247786,0.0038444393200940397
2.10010912,0.6678122470396962,0.1921539632623247,0.08156379587908084,0.4912149829800924,0.14687078044700172,0.4149280874756767,0.4949756852967063,0.13526232709088254,0.4187900164026274,0.12,0.033228884179516305,0.03287750938976019,-0.3490658503988659,-0.307628593929976,-0.40270820022718495,0.940253145205221,0.7036223242827884,0.1819591584433224,0.012202420712111998,0.33722622052354656,0.0038619289269506973
2.120077062,0.6702004341102881,0.19234918597350129,0.07720315396254847,0.4918221682497614,0.1471382472905491,0.41372064335823683,0.4956213813817733,0.13541940024010204,0.4175993129601179,0.12,0.03322751486276797,0.03299004256428123,-0.3490658503988659,-0.307628593929976,-0.40270820022718495,0.9401783160621047,0.7093238121519568,0.18362692110699969,0.012319309908197934,0.3403961589975694,0.0038786696018810463
2.140029083,0.6725875449394649,0.19253384548125066,0.07284598890807595,0.4924291600244698,0.14740475423953836,0.41251422481685535,0.4962672319152713,0.13557569052330226,0.41640872549473346,0.12,0.03322578400310445,0.032872384618023734,-0.3490658503988659,-0.307628593929976,-0.40270820022718495,0.9401938355189263,0.7034253953822602,0.18529188919422052,0.01243613863873083,0.3435627365866575,0.0038945006778781095
2.160137272,0.6749941281578685,0.1927094661715989,0.0684547195514765,0.49304120568898135,0.1476725998994066,0.4112984046088524,0.49691324445122964,0.13573119809084858,0.41521825419794073,0.12,0.03322465854687036,0.03280280129304941,-0.3490658503988659,-0.307628593929976,-0.40270820022718495,0.9339974725969128,0.7061425920555578,0.18697412702087765,0.012553476065607722,0.34676353464646426,0.003919849589088309
2.1800875040000003,0.6773825489225287,0.19287322071240623,0.06409794518265345,0.49364877792401796,0.14793760817828872,0.4100921117488719,0.49755943789124507,0.13588591907684014,0.4140279493113577,0.12,0.03322530178141072,0.0327644576185466,-0.3490658503988659,-0.307628593929976,-0.40270820022718495,0.9309541891621306,0.7072686917651994,0.1886369629968431,0.01267029879589456,0.3499300041287043,0.003935837562485833
2.2001589050000003,0.6797861708791865,0.19302749928561996,0.05971470966824092,0.4942603893684469,0.14820350057863454,0.4088784370153078,0.4982058281280271,0.13603984029098268,0.4128379601006667,0.12,0.03322681784923483,0.032785864260295436,-0.3490658503988659,-0.307628593929976,-0.40270820022718495,0.9321534814973516,0.7071397315174204,0.1903129374249622,0.012787537628448913,0.35312325043242576,0.003959523085358907
2.2201531070000002,0.6821811986148187,0.19317068790819258,0.05534833303669746,0.4948700779751896,0.14846767769026822,0.40766921507443865,0.49885250504330403,0.13619293329521137,0.4116486153240004,0.12,0.0332327339460423,0.032709766837949815,-0.3490658503988659,-0.307628593929976,-0.40270820022718495,0.9299168008138844,0.7055715410836063,0.1919788384363637,0.012904614497025084,0.356300282287303,0.0039794002495617264
2.240150586,0.6845772213708815,0.1933034393599644,0.05098124076687938,0.4954803160178594,0.14873121687556548,0.4064595363447888,0.49949950992095954,0.13634521597234248,0.4104597509065442,0.12,0.0332398398268836,0.03275997389967676,-0.3490658503988659,-0.307628593929976,-0.40270820022718495,0.9303856366317652,0.7076130583520727,0.19364399935710588,0.013021787051144644,0.3594785101396648,0.004000214561755366
2.260062077,0.6869634958616219,0.19342520010151207,0.04663292674056375,0.496088388363996,0.14899294847160266,0.40525477919112163,0.500146850641954,0.1364966988386741,0.4092712564795227,0.12,0.033247566198101,0.03279713792764635,-0.3490658503988659,-0.307628593929976,-0.40270820022718495,0.9330427128843795,0.706814183497938,0.19529801122173315,0.013138773571002545,0.362638329738959,0.004016477288401099
2.280174857,0.6893744056660426,0.1935377094490211,0.042240654791556996,0.4967030900242769,0.14925665619723397,0.40403751789966846,0.5007945453304793,0.1366473750290964,0.40808321415735366,0.12,0.033256446019334605,0.03263389329729312,-0.3490658503988659,-0.307628593929976,-0.40270820022718495,0.927909674568872,0.703784990295784,0.19697429749739284,0.013256469292379475,0.3658425593657967,0.004045696257685194
2.300152762,0.6917696158219448,0.19363894491209815,0.03787783713375824,0.4973141818352667,0.14951793499300103,0.40282803570571485,0.5014425883711974,0.13679735639684615,0.40689593109012373,0.12,0.033267001891540124,0.03269504452128855,-0.3490658503988659,-0.307628593929976,-0.40270820022718495,0.930540905374102,0.7042113206903252,0.19863369191346872,0.013373737710410984,0.3690180939563655,0.004067895384408881
2.320088108,0.6941601414361238,0.19372953618080743,0.03352431360147956,0.4979242429857809,0.14977790082506767,0.401621216606474,0.5020908203457577,0.1369468508861622,0.40571064560083225,0.12,0.033264616771946656,0.03287874834949971,-0.3490658503988659,-0.307628593929976,-0.40270820022718495,0.9386976175357161,0.7052397999392696,0.20028703765692096,0.013490597074679717,0.37218633199935275,0.0040894289943582685
2.340142057,0.6965652631493165,0.19381019645511355,0.02914488929218408,0.49853816363667663,0.1500386363308779,0.4004073860118555,0.5027389083026743,0.13709572924207475,0.4045253185422608,0.12,0.033260004298978435,0.03293974601292957,-0.3490658503988659,-0.307628593929976,-0.40270820022718495,0.9395864452077871,0.7074008554386916,0.20195342686965062,0.013607538339402139,0.37538042925007675,0.004117932530405322
2.360090918,0.6989581098381193,0.19387995545974135,0.02478841432527574,0.4991481641333857,0.15029683338187041,0.399201926811893,0.5033864014642,0.13724376543989708,0.40333888855938793,0.12,0.033204621877619016,0.03291144874408329,-0.3490658503988659,-0.307628593929976,-0.40270820022718495,0.9391965174371774,0.7063759197669873,0.20360734548698695,0.01372389297430142,0.3785504742341122,0.004136961747494949
2.3800493200000004,0.7013523822908472,0.1939393178365158,0.02042985577436431,0.49975856942491964,0.15055433456556205,0.3979962819630065,0.50403376134146,0.13739086529863942,0.40215299331840626,0.12,0.03319385989115922,0.03292283746585044,-0.3490658503988659,-0.307628593929976,-0.40270820022718495,0.9390313479291521,0.7071105253633696,0.20526170041631336,0.013840310295093429,0.38172313754404197,0.004156711355399745
2.400043035,0.7037511274108472,0.19398833067252289,0.0160635854949233,0.5003702908812968,0.1508115226507809,0.39678865081399933,0.504681163127934,0.13753715791610854,0.4009674924758406,0.12,0.03318982303116034,0.032794275056521015,-0.3490658503988659,-0.307628593929976,-0.40270820022718495,0.9331607553714152,0.7065529974546357,0.20691927311194308,0.01395680402656496,0.3849039069809173,0.004178841661841293
2.4202471180000003,0.7061753045713591,0.19402727499936875,0.011651374601337021,0.5009887492566532,0.1510706647174325,0.39556833865990343,0.505328699868829,0.13768266598694703,0.39978219740653576,0.12,0.03318913397915251,0.032698278510666604,-0.3490658503988659,-0.307628593929976,-0.40270820022718495,0.9285839685872389,0.7063299569460912,0.20860027225604733,0.014073865187772898,0.3881308228051987,0.004213858746632326
2.440088415,0.7085560986004303,0.19405501577777357,0.007318389690995842,0.5015964621837562,0.1513244329437951,0.39436984083586785,0.5059764289115368,0.13782739037125125,0.39859711122165764,0.12,0.033191839311746886,0.03270136162894838,-0.3490658503988659,-0.307628593929976,-0.40270820022718495,0.9301482770161491,0.7049198044312699,0.21023812316066132,0.014189935403007538,0.3912787215306618,0.004227270385789794
2.46005347,0.7109518410424203,0.19407254906758523,0.002958378243703273,0.5022083940483528,0.1515791020572673,0.39316362546198447,0.5066244417278031,0.1379713130105167,0.39741242320098513,0.12,0.033198501108498514,0.03264171900608428,-0.3490658503988659,-0.307628593929976,-0.40270820022718495,0.9276993640269987,0.7043865862772153,0.21188920406147632,0.014306411144939291,0.3944540449572818,0.004248797739000665
2.480088239,0.7133560028017678,0.1940796615081778,-0.0014168574961362767,0.5028229179830503,0.1518339807225433,0.3919529075957639,0.5072727863294911,0.1381144513567131,0.3962279570718128,0.12,0.03320647219612335,0.0327107357150981,-0.3490658503988659,-0.307628593929976,-0.40270820022718495,0.9326778637120391,0.702858922042866,0.21354717712687485,0.014423134691201255,0.39764481456794903,0.004275049476048898
2.5000653180000003,0.7157532498755468,0.19407626494841837,-0.005779494770286936,0.5034360917132508,0.15208742972836437,0.3907454553075445,0.5079214454420856,0.13825683286893803,0.39504343450313756,0.12,0.03321254220350814,0.03267954188921815,-0.3490658503988659,-0.307628593929976,-0.40270820022718495,0.9310674412914925,0.7029096531694149,0.2151972767758555,0.014539732031944273,0.4008229292734245,0.00429797919559305
2.520462798,0.7182009065959778,0.19406211857169442,-0.010233940114711043,0.5040625358476599,0.15234547872725354,0.3895124856045514,0.508570351337424,0.1383984760366175,0.39385867056044266,0.12,0.03321544051368478,0.032674544024291326,-0.3490658503988659,-0.307628593929976,-0.40270820022718495,0.9308055932953916,0.7029216079191748,0.21689493031945767,0.014657396922454062,0.4040926106751537,0.004346184955891286
2.540141357,0.7205622100167598,0.19403795229021426,-0.014531385952261814,0.5046672259911358,0.15259369504634032,0.38832293544825713,0.5092194588411824,0.13853937042827702,0.39267375147522643,0.12,0.03321647884611042,0.03263455087524346,-0.3490658503988659,-0.307628593929976,-0.40270820022718495,0.9288278267953133,0.7028997169668595,0.21850824026372137,0.01477318057802528,0.40720513742748826,0.004350816026969295
2.560053828,0.7229514542567496,0.1940032308160519,-0.01887991399307519,0.5052794038209147,0.15284413444504302,0.3871192423723064,0.5098687384494288,0.13867951218434688,0.39148869719227997,0.12,0.03321656610200392,0.03264308379943294,-0.3490658503988659,-0.307628593929976,-0.40270820022718495,0.929277913153092,0.7028762768185549,0.2201475814517695,0.014889543852001889,0.41036861118535517,0.004369454819973584
2.5800232540000003,0.7253473583019411,0.19395799097835117,-0.02324087998870415,0.5058936275704349,0.15309454817350804,0.3859121200555191,0.5105181786050851,0.13881889578413736,0.39030355192455923,0.12,0.033216190669603594,0.03264389542457493,-0.3490658503988659,-0.307628593929976,-0.40270820022718495,0.929349933771642,0.7028448374571044,0.22179246215338477,0.015006022904628291,0.41354443191326345,0.004391431869040119
2.6000227120000003,0.7277466451424769,0.1939022193990111,-0.02760840443677839,0.5065090696773638,0.15334459264623704,0.3847031973942063,0.5111677716019527,0.13895751881515253,0.3891183282404544,0.12,0.03321577728580516,0.03271346060145055,-0.3490658503988659,-0.307628593929976,-0.40270820022718495,0.9328382147478236,0.7028348153247037,0.22343976500688553,0.015122545984166999,0.41672673267723276,0.0044151308462481165
2.620131174,0.730158741011754,0.1938356083556732,-0.03199973341170221,0.5071281779471415,0.15359525505204424,0.38348766936927164,0.511817528353601,0.139095374071556,0.38793309001173926,0.12,0.03321622311265894,0.03285527044237542,-0.3490658503988659,-0.307628593929976,-0.40270820022718495,0.9399255894586299,0.7028379326601412,0.2250985970514096,0.015239309554008216,0.41993282342344146,0.004445420642467612
2.6403198540000004,0.7325801423457616,0.1937580977001664,-0.03640858056517744,0.5077500729587725,0.15384616632979875,0.38226726969086844,0.512467461121161,0.13923246252549404,0.38674783375982547,0.12,0.03321683794207966,0.0328550877909858,-0.3490658503988659,-0.307628593929976,-0.40270820022718495,0.9399382112706671,0.7028161782786229,0.22676559996411294,0.015356239447032386,0.4231564143250029,0.004480564068957027
2.660612011,0.73501358742562,0.1936694602499801,-0.04084002524741138,0.5083754482726628,0.15409759477081544,0.38104064336632965,0.5131175539968644,0.13936878100845496,0.38556258511665636,0.12,0.033216065978386805,0.03285375910944383,-0.3490658503988659,-0.307628593929976,-0.40270820022718495,0.9399182937174445,0.7027696617547471,0.22844345781288286,0.015473381063807795,0.42640261036406774,0.004521941750326719
2.68003874,0.7373428510564135,0.19357428014139483,-0.045082475910504995,0.5089744176340898,0.15433755380534434,0.3798663885275249,0.513767781967439,0.13950432385747966,0.3843773646146626,0.12,0.03321443001857203,0.03285213259974617,-0.3490658503988659,-0.307628593929976,-0.40270820022718495,0.9398905121796988,0.7027161178076095,0.23002037233837402,0.015588491021213497,0.4294598405251676,0.004510976087137686
2.700192748,0.7397588747364567,0.19346528596103232,-0.04948375131840274,0.5095960676593696,0.15458575242875902,0.3786482413913149,0.5144181357385917,0.13963908822828305,0.3831921963172395,0.12,0.033212567448720275,0.03285019222325866,-0.3490658503988659,-0.307628593929976,-0.40270820022718495,0.939853843130469,0.7026557680324641,0.231680185200351,0.015705257440820353,0.4326759476356422,0.004543954925924576
2.7200942460000004,0.7421441311948321,0.1933471580902644,-0.05382988305198775,0.5102101864364819,0.15483007722659117,0.3774454361230771,0.5150686090335005,0.13977307250094445,0.38200709181147546,0.12,0.03321036752594547,0.0328478433150604,-0.3490658503988659,-0.307628593929976,-0.40270820022718495,0.9398055981661991,0.7025865675868209,0.2333098270788721,0.015821430448583623,0.43583697486346323,0.004561655688398336
2.740281898,0.7445631404696381,0.19321681718519132,-0.05823850570862249,0.5108333838370878,0.15507714610416143,0.37622543250516505,0.5157191934554362,0.1399062747319634,0.3808220625910124,0.12,0.033207748893892046,0.032845029187254154,-0.3490658503988659,-0.307628593929976,-0.40270820022718495,0.9397441321468865,0.7025073272158213,0.23497141532896357,0.01593820798642442,0.4390605682996349,0.004596630085847375
2.7601872480000003,0.7469477328077848,0.1930777848687459,-0.06258547865021293,0.5114481061263274,0.1553199875728216,0.3750226010897376,0.5163698793692717,0.1400386927666756,0.3796371223734121,0.12,0.03320466259872412,0.03284171424590933,-0.3490658503988659,-0.307628593929976,-0.40270820022718495,0.9396684037480783,0.702417308547388,0.23659943319315946,0.01605433968767656,0.442222601023625,0.004614521283674455
2.780069586,0.7493289422147524,0.192928560853404,-0.0669274261819848,0.5120623444266473,0.15556178412535018,0.3738212866577581,0.5170206569310821,0.14017032345512506,0.37845229527261876,0.12,0.03320116854998153,0.032838515903179266,-0.3490658503988659,-0.307628593929976,-0.40270820022718495,0.9395921499903246,0.7023336451686387,0.2382237834994909,0.016170402730133877,0.44537972145460364,0.004631008614860655
2.800216642,0.7517411762968449,0.19276687475035728,-0.07132718339724137,0.5126849964547889,0.15580602925941278,0.37260409156663077,0.5176715260767676,0.14030116334053963,0.3772676123668783,0.12,0.033198061572304774,0.032835672634187935,-0.3490658503988659,-0.307628593929976,-0.40270820022718495,0.939529981020965,0.7022536506884317,0.239877577167787,0.01628699925809247,0.44859479576411965,0.0046635208002475115
2.820278886,0.7541425240920527,0.19259530231494207,-0.07570841918639279,0.5133052687260361,0.15604847014647866,0.37139212632961527,0.5183224921384291,0.14043121728672317,0.37608301970755353,0.12,0.033195161237835696,0.032832790013736075,-0.3490658503988659,-0.307628593929976,-0.40270820022718495,0.9394667250499289,0.7021727756368747,0.24152055655252067,0.01640338738356822,0.4517914388939464,0.0046908933779382656
2.8402451230000003,0.7565316093048043,0.19241408208055782,-0.0800686887613755,0.5139228089214293,0.15628898079853187,0.37018606979935775,0.5189735548430401,0.14056048519688588,0.3748985127738309,0.12,0.03319216418665503,0.03282967290436886,-0.3490658503988659,-0.307628593929976,-0.40270820022718495,0.9393967704174602,0.702086874800983,0.24315144406199382,0.0165195523019138,0.4549672015352064,0.004712442974473152
2.8600270730000004,0.7588978380503536,0.19222421532914477,-0.08438871334682088,0.5145348761561015,0.15652651016095082,0.3689912623189645,0.5196247095581342,0.1406889660272343,0.37371409598350674,0.12,0.03318890779701772,0.032826216398037796,-0.3490658503988659,-0.307628593929976,-0.40270820022718495,0.9393170935633985,0.7019937263384911,0.24476011100476358,0.016635330121397247,0.45810280933032765,0.004722833664542236
2.8800354720000003,0.7612903016680768,0.19202183776691772,-0.08875819034961387,0.515154169232554,0.15676599272899147,0.36778290880251874,0.5202759493002025,0.14081665830086518,0.3725297780689789,0.12,0.03318530384318502,0.03282236243149805,-0.3490658503988659,-0.307628593929976,-0.40270820022718495,0.9392260125809018,0.7018921089940008,0.24639376707103716,0.016751534250974635,0.4612879684185928,0.004746869266460173
2.900281251,0.7637102316343266,0.19180648334321423,-0.09317950690493293,0.5157810263854776,0.15700753001945822,0.3665603667655977,0.5209272657880791,0.1409435603277823,0.3713455701212975,0.12,0.0331813030338295,0.03281807780928529,-0.3490658503988659,-0.307628593929976,-0.40270820022718495,0.9391225580729484,0.7017813323913163,0.24805363420593926,0.01686816238491825,0.46452507702623036,0.004785203355699763
2.920667135,0.7661459254669561,0.19157886745902503,-0.09763141989005511,0.5164124341446433,0.1572499346145967,0.3653295286910037,0.5215786499994309,0.14106967032106693,0.37016148456261677,0.12,0.033176876871781676,0.032813342908021216,-0.3490658503988659,-0.307628593929976,-0.40270820022718495,0.9390061498346519,0.7016609955664087,0.2497285150420942,0.01698501512706812,0.46779290445267185,0.004831955871613058
2.940025974,0.7684579233543405,0.19135242388615928,-0.10185904458962614,0.5170122262972263,0.15747935496397578,0.3641608720104125,0.5222300924719984,0.1411949864598652,0.3689775345907637,0.12,0.03317200831123241,0.03280834431995081,-0.3490658503988659,-0.307628593929976,-0.40270820022718495,0.9388858520022114,0.7015313639953291,0.251284526444021,0.01709990599376204,0.47083657918038985,0.004816662580351239
2.9600377780000002,0.7708468929354464,0.1911082406537983,-0.10622926518360773,0.5176324395230198,0.15771575587829456,0.3629529652961233,0.5228815862780735,0.14131950932975604,0.3677936832367578,0.12,0.03316738883028382,0.03280532313753548,-0.3490658503988659,-0.307628593929976,-0.40270820022718495,0.9388188232462787,0.7014473336304953,0.25291443429061666,0.01721599380043311,0.4740229484203655,0.004840717940634508
2.9800274620000002,0.7732321331350527,0.19085390090734047,-0.11059465516464015,0.5182522074344834,0.15795113006622277,0.3617464804545317,0.5235331604590071,0.14144324395629077,0.3666098809203951,0.12,0.03316500510150218,0.03280379351050807,-0.3490658503988659,-0.307628593929976,-0.40270820022718495,0.9387936141712229,0.7013960613541805,0.2545407432530338,0.01733201571271247,0.4772045360850352,0.004863400465863366
3.000022754,0.7756169091673673,0.1905890768395567,-0.11496126983271682,0.5188724109624884,0.158185813893867,0.3605396996745213,0.5241848488600998,0.14156619532995635,0.3654260985158474,0.12,0.03316383620014656,0.03280292503432724,-0.3490658503988659,-0.307628593929976,-0.40270820022718495,0.938787193645051,0.701359058071311,0.25616659396155017,0.01744802904702594,0.4803873683485642,0.004886398841326078
3.019985514,0.7779966280114446,0.1903142897341158,-0.1193207800929968,0.5194918756121144,0.15841936392378775,0.3593349058745502,0.5248366665916885,0.14168836611223,0.36424230460633555,0.12,0.03316318746024726,0.03280227781741981,-0.3490658503988659,-0.307628593929976,-0.40270820022718495,0.9387869531198367,0.7013269377511537,0.25778759961280895,0.01756397103122429,0.48356308469933235,0.004907398731785362
3.0403898870000003,0.7804277430693072,0.1900228226248785,-0.12377673074551579,0.5201253216333727,0.15865731394205337,0.35810347823045163,0.5254886188275111,0.14180975705883908,0.36305848575634814,0.12,0.03316269160393163,0.032801620099392664,-0.3490658503988659,-0.307628593929976,-0.40270820022718495,0.9387862428813533,0.7012947620882797,0.25945800577443967,0.017680642797302203,0.4868352165018639,0.004955007525896505
3.060504807,0.782823066610412,0.18972481385225398,-0.12816947003230333,0.5207500599787102,0.15889111550458018,0.35688953904734233,0.5261407054971092,0.14193036794021052,0.3618746380954658,0.12,0.03316215519807247,0.03280083001292914,-0.3490658503988659,-0.307628593929976,-0.40270820022718495,0.9387815611507567,0.7012599394957,0.2610941277906097,0.017796797943655688,0.4900441081277691,0.0049850990481234425
3.08015558,0.785161817188788,0.18942340516473746,-0.13246084790369653,0.5213606469580919,0.15911877642854555,0.35570363549861433,0.5267929237643727,0.14205019802880023,0.36069076278960466,0.12,0.03316147636310598,0.032800356634117483,-0.3490658503988659,-0.307628593929976,-0.40270820022718495,0.9387774342248575,0.7012403974810169,0.2626760473353086,0.017912174627562914,0.49315161069330116,0.004987127290990323
3.100231855,0.7875498657237306,0.1891052190994122,-0.13684514781266216,0.5219846865918764,0.15935061069171644,0.35449213856729117,0.5274452597396129,0.1421692484305181,0.35950686628785766,0.12,0.03315914394028696,0.03279730276338356,-0.3490658503988659,-0.307628593929976,-0.40270820022718495,0.938710541561732,0.701154596607446,0.2643054887753647,0.018028229759250124,0.4963520141005198,0.005014727720566492
3.120258177,0.7899305579678454,0.18877738394599153,-0.1412185388785604,0.5226073638854021,0.15958108073621233,0.35328382940011094,0.5280976615939208,0.14228750913890542,0.3583230219529832,0.12,0.03315438703669882,0.03279247920222197,-0.3490658503988659,-0.307628593929976,-0.40270820022718495,0.9386008362722994,0.701023123838799,0.2659281370655179,0.018144172274296395,0.4995415608315436,0.005039192552872274
3.140261562,0.79230706865795,0.1884395276676469,-0.1455869209133006,0.5232295454779781,0.15981051291135315,0.3520770209817912,0.52875012226124,0.14240497755400436,0.3571391961632781,0.12,0.03315117795254261,0.03278940989035497,-0.3490658503988659,-0.307628593929976,-0.40270820022718495,0.9385298677293321,0.7009406267884164,0.26754708706716235,0.01826005008470155,0.5027261170765787,0.005062175181486883
3.1603307230000004,0.7946898904104241,0.1880901480594145,-0.14996966725171829,0.5238540130998697,0.16003993236127806,0.35086631639014565,0.5294026737742287,0.14252165779222697,0.3559553974089156,0.12,0.03314920366801806,0.032787372595106876,-0.3490658503988659,-0.307628593929976,-0.40270820022718495,0.9384881395409249,0.7008804902144187,0.2691724254373216,0.018376005527748405,0.5059250646606339,0.005089081018769925
3.1803046380000004,0.7970598568098497,0.1877320362001496,-0.1543316135647762,0.5244757649661883,0.16026750010696994,0.34966141209832297,0.5300553326671095,0.14263754801986978,0.3547716720204613,0.12,0.03314770623973085,0.03278534262903017,-0.3490658503988659,-0.307628593929976,-0.40270820022718495,0.9384253676432754,0.7008417638082332,0.2707857617692122,0.01849180321987583,0.5091032855852375,0.005110259922138316
3.2005613480000004,0.799461770664043,0.18735837357507026,-0.15875531725527373,0.5251065487548355,0.16049751215997152,0.348439542646083,0.5307080903344226,0.14275264503640717,0.35358804692873086,0.12,0.03314515268817823,0.03278068732159539,-0.3490658503988659,-0.307628593929976,-0.40270820022718495,0.9383168063510738,0.700717559728696,0.27243019603043406,0.018607997670378115,0.5123433641840046,0.005148504282647848
3.220193912,0.8017880523790746,0.1869859297820049,-0.16304271860626945,0.5257181092288088,0.16071966830169676,0.34725543670403264,0.5313609275395412,0.1428669515802308,0.35240446149144067,0.12,0.033141920108096294,0.032779019683959215,-0.3490658503988659,-0.307628593929976,-0.40270820022718495,0.938287948923999,0.7006630352739617,0.2740023979576551,0.018723271424215576,0.5154471800977101,0.00514902478740803
3.240354232,0.8041752067274347,0.18659323581319465,-0.16744537244223845,0.5263463805510082,0.1609470530974221,0.3460394973190835,0.5320138605793794,0.14298046925602184,0.35122081507147546,0.12,0.03314199381332514,0.032779981280148036,-0.3490658503988659,-0.307628593929976,-0.40270820022718495,0.9383302489587223,0.7006688150486793,0.27563358239498326,0.0188392798376703,0.518666187513714,0.005181317752391945
3.260225487,0.8065264064025738,0.18619581707736746,-0.17178489964474652,0.52696596403602,0.16117044189543958,0.3448408987264525,0.5326669710814739,0.14309321464887997,0.3500370386039403,0.12,0.033144585666518595,0.0327818188250014,-0.3490658503988659,-0.307628593929976,-0.40270820022718495,0.9383960862535269,0.700694854996543,0.2772306344012147,0.01895488396841488,0.5218219382486868,0.005196139877487793
3.280192478,0.808887178561428,0.18578623519283916,-0.17614533387986323,0.5275888018356383,0.1613941608127161,0.3436365241930595,0.5333202394697487,0.1432051844627873,0.34885315414781215,0.12,0.03314462189183588,0.032781191291854424,-0.3490658503988659,-0.307628593929976,-0.40270820022718495,0.9383936986783304,0.7006658659143908,0.2788373787741388,0.01907061189401029,0.5249984880276755,0.0052166299547526385
3.300306151,0.8112634718055654,0.1853632787693147,-0.1805378008441215,0.5282164581120139,0.16161875739789092,0.3424233561645739,0.5339736251064011,0.14331637012736384,0.34766922236269765,0.12,0.033143143614480626,0.032880636826560845,-0.3490658503988659,-0.307628593929976,-0.40270820022718495,0.9435443329513852,0.700487508376657,0.2804596256304828,0.01918651483729166,0.5282070232068191,0.0052458661981237276
3.3202148080000002,0.8136136822381791,0.18493430615776235,-0.18488549597545076,0.5288376298629519,0.16184018389103508,0.34122324187914765,0.5346269107412572,0.14342693379606536,0.346483591284724,0.12,0.03312415197040681,0.032994004893076065,-0.3490658503988659,-0.307628593929976,-0.40270820022718495,0.9497782036975598,0.6999220409562432,0.2820575838913896,0.019301905402001482,0.5313690872601747,0.005260349405576348
3.340193046,0.8159702128404814,0.18449358467197874,-0.18924838635450233,0.5294608958155275,0.1620615142196391,0.3400195956134989,0.5352799143782062,0.14353678734931805,0.3452973124423399,0.12,0.033105931923332665,0.032764138589294715,-0.3490658503988659,-0.307628593929976,-0.40270820022718495,0.9387356831746576,0.6994712462900782,0.2836626568615803,0.01941716978997698,0.5345456987968422,0.005277716828840984
3.360209679,0.8183293233403806,0.18404171938107658,-0.1936196615158407,0.5300854519620516,0.1622824565311354,0.3388139721833518,0.5359327879565439,0.14364584403193176,0.3441111714260434,0.12,0.03309670663087934,0.03296164672735934,-0.3490658503988659,-0.307628593929976,-0.40270820022718495,0.9487429191200775,0.6993394172478893,0.28527115161196753,0.01953240035627876,0.5377308329418842,0.005297199242691619
3.3801855420000004,0.8206816350985034,0.18358048747632424,-0.19798203323730845,0.5307089110285613,0.16250216537768244,0.3376109787241166,0.5365856490670133,0.14375410792793197,0.3429251082333672,0.12,0.03309191062233799,0.032961822373334344,-0.3490658503988659,-0.307628593929976,-0.40270820022718495,0.9488870455782855,0.6992040730884319,0.286873961500756,0.01964753694771263,0.5409071414706756,0.005314129509250588
3.4001938750000003,0.8230357327011771,0.18310823194696949,-0.20235149582688017,0.5313335769094225,0.16272145507450686,0.3364061665544374,0.5372385539175932,0.1438615855995012,0.3417390326979138,0.12,0.033088156128527474,0.032917710151706116,-0.3490658503988659,-0.307628593929976,-0.40270820022718495,0.9467738929193988,0.6991116146659067,0.28847933487544486,0.01976267770524214,0.5440905285247939,0.005332866143476389
3.420293054,0.8253984234281302,0.1826235039015707,-0.20674079756039318,0.5319613227227963,0.16294097682219366,0.3351959250188713,0.5378915408341497,0.14396827633801557,0.34055293691532146,0.12,0.033087035953596806,0.03288967280784708,-0.3490658503988659,-0.307628593929976,-0.40270820022718495,0.9454439850419156,0.6990396553504384,0.2900938368130201,0.01987789854362266,0.5472937344757146,0.00535701189645016
3.4401493490000004,0.8277304383664633,0.18213439284708477,-0.21107705776607846,0.5325817101852791,0.16315708308637014,0.33400037487427187,0.5385446199538991,0.1440741872726421,0.3393667465702981,0.12,0.03308519566326587,0.03297908424855476,-0.3490658503988659,-0.307628593929976,-0.40270820022718495,0.9499434611950756,0.6990107512326624,0.291679647591863,0.01999282885302386,0.5504438043363765,0.0053663716960262176
3.460205975,0.8300838166522858,0.18163013756106877,-0.21545706668436423,0.533208606890257,0.16337461670461995,0.3327927828023894,0.5391977984162838,0.14417931386304733,0.3381804928576182,0.12,0.03308464693323244,0.03291034037165713,-0.3490658503988659,-0.307628593929976,-0.40270820022718495,0.9465608727228888,0.6989561458599678,0.29328695811586303,0.020107960272367692,0.5536375595419825,0.005387710055228812
3.480158759,0.8324227908028595,0.18111824342201538,-0.21981439836441,0.5338324960096643,0.1635902629211124,0.3315914867566049,0.5398510825501855,0.1442836604294118,0.33699414187134535,0.12,0.03308344098621019,0.03290214963136248,-0.3490658503988659,-0.307628593929976,-0.40270820022718495,0.9462012762345866,0.6989062053335374,0.294881316760026,0.0202229642663553,0.5568085402357553,0.005402655114740474
3.500202375,0.8347701498310547,0.18059378579487165,-0.22419156613104707,0.5344594547030106,0.1638061273347242,0.3303847804432118,0.5405044724568865,0.1443872263986963,0.33580768093831187,0.12,0.03308183860597594,0.032838050894314214,-0.3490658503988659,-0.307628593929976,-0.40270820022718495,0.9430460225828923,0.6988565221328185,0.29648474467295416,0.02033804202001607,0.5599992470693589,0.00542290049510008
3.5202404260000004,0.8371145396526277,0.18005920690456945,-0.22856751860107194,0.5350864923843018,0.1640211729476338,0.3291784224336462,0.5411579828028124,0.14449000839518422,0.3346211489739015,0.12,0.033081474750810205,0.032991431969757234,-0.3490658503988659,-0.307628593929976,-0.40270820022718495,0.9507068755382636,0.698864722949598,0.2980863153937095,0.02045310207956064,0.5631886675749734,0.005442726540255295
3.540326492,0.8394621796905032,0.17951306870365713,-0.23295395668957578,0.5357152876058142,0.1642359738961128,0.32796918250621854,0.5418115943521394,0.1445920062055605,0.33343452434608306,0.12,0.0330812354724962,0.03274005149405403,-0.3490658503988659,-0.307628593929976,-0.40270820022718495,0.9382348554929871,0.6987677192097145,0.2996920945875392,0.02056818957936631,0.5663884810356589,0.005465341839864525
3.5602488340000003,0.8417882853569385,0.17896117354731603,-0.2373046403804986,0.5363392148980343,0.16444826975066146,0.32676979869377043,0.5424653348270402,0.144693222992665,0.33224779379232267,0.12,0.033081250607590505,0.032892153033622334,-0.3490658503988659,-0.307628593929976,-0.40270820022718495,0.945812286462153,0.6987953652189637,0.3012781458206685,0.020683114315672827,0.5695524341728213,0.005477995098552234
3.5801493200000003,0.8441094186763034,0.17839978005478568,-0.24165055111135736,0.5369626964104255,0.16465957989581295,0.32557175986670756,0.5431191953361939,0.14479366008055372,0.3310609368864303,0.12,0.033080444618137625,0.03273904553338149,-0.3490658503988659,-0.307628593929976,-0.40270820022718495,0.9382259457307722,0.6987263309383024,0.30286050558970457,0.0207980107012497,0.5727114879977877,0.005489177019722735
3.6002765890000004,0.8464545135574839,0.17782179200577644,-0.24604598719919868,0.537593531543849,0.1648725400922255,0.32436008195025834,0.5437731715899082,0.14489331163236283,0.32987400008193246,0.12,0.0330800737556199,0.03293823035570572,-0.3490658503988659,-0.307628593929976,-0.40270820022718495,0.9481531347143384,0.6987583830709475,0.30446720610764433,0.020913094485279903,0.5759199872811311,0.005513918131674123
3.620305235,0.8487855669503804,0.17723638446225726,-0.2504198857851916,0.538221545540213,0.16508370059135813,0.32315431506493536,0.5444272534405185,0.14499217862903777,0.32868696224679766,0.12,0.03308079128814817,0.03297168705459919,-0.3490658503988659,-0.307628593929976,-0.40270820022718495,0.9498388222280254,0.698745530501934,0.3060615490589801,0.021028078022166354,0.5791068480319892,0.005532647181862304
3.6402374390000003,0.8511028254815708,0.1766436546837654,-0.25477272316078464,0.5388467889842781,0.1652930907433955,0.32195435316971077,0.5450814510445845,0.14509026169160624,0.327499833090063,0.12,0.03308081947521225,0.0329370227134402,-0.3490658503988659,-0.307628593929976,-0.40270820022718495,0.9481452605666776,0.6987058751053324,0.3076437846302438,0.021142973128253365,0.5822725562508476,0.005545479920352203
3.660287679,0.8534311891160896,0.17603727413338494,-0.2591513374907208,0.5394759906015107,0.16550296710384088,0.3207472789876699,0.5457357666791559,0.14518756042684014,0.3263126015255327,0.12,0.033080991137901215,0.03295767327687849,-0.3490658503988659,-0.307628593929976,-0.40270820022718495,0.9496815898797232,0.6982020739642012,0.30923806011618116,0.02125795251180567,0.5854639390162535,0.0055653225378627935
3.680287235,0.8557509963465634,0.1754222630178104,-0.2635188833402448,0.5401038468720314,0.16571155285803715,0.3195432696429955,0.5463902000472005,0.14528407557287346,0.325125263053259,0.12,0.033080619262800905,0.032776863500883754,-0.3490658503988659,-0.307628593929976,-0.40270820022718495,0.949288156176292,0.6895550188678957,0.3108253732072754,0.021372881520254534,0.5886441463935038,0.005581993410263497
3.700475452,0.8580899531668681,0.17479122885553938,-0.26792762938278897,0.5407379212725537,0.1659213570404063,0.31832782138551796,0.5470447582966464,0.1453797879954356,0.3239379893019115,0.12,0.033082828879194025,0.03278675677103342,-0.3490658503988659,-0.307628593929976,-0.40270820022718495,0.9483167417699087,0.6910210967817624,0.3124326265058141,0.021487955977192563,0.5918656186847004,0.005610167916393516
3.720454177,0.8604018630765616,0.17415654414068504,-0.272290626113943,0.5413657255972295,0.1661282402973477,0.3171248750488732,0.547699498724188,0.14547468372092148,0.32275089232348847,0.12,0.03308587406600732,0.03268901836277384,-0.3490658503988659,-0.307628593929976,-0.40270820022718495,0.9461991453181138,0.6882517728205781,0.31401499612073214,0.021602918350987224,0.5950415184374315,0.005626017274615258
3.7402740480000003,0.8626926216948643,0.17351690527566227,-0.2766189319685405,0.541988839630158,0.166332747298533,0.31593138810791066,0.5483544209821237,0.145568765795698,0.3215639258542875,0.12,0.033088796801033805,0.03287149961643164,-0.3490658503988659,-0.307628593929976,-0.40270820022718495,0.9515785834730468,0.6919963973485349,0.3155782041391875,0.021717816506236727,0.598182857822828,0.005632537746376842
3.7603573380000004,0.8650109989051283,0.17285872441377448,-0.2810047638282221,0.5426214995274369,0.16653955118965133,0.314720091019196,0.549010111276729,0.14566178864250848,0.32037296082267025,0.12,0.033142093745542146,0.032746533787485536,-0.3490658503988659,-0.307628593929976,-0.40270820022718495,0.9461992610270729,0.691127428347204,0.3171690941710472,0.02183335359165135,0.6013777246508923,0.005652869803474236
3.78037882,0.8673193411098294,0.1721924387818909,-0.28537709792456,0.5432530692264749,0.16674515229025882,0.31351135894434035,0.5496667869952021,0.14575426138900793,0.3191850619994833,0.12,0.033174008615710425,0.03270063955768236,-0.3490658503988659,-0.307628593929976,-0.40270820022718495,0.9402150166638886,0.6948169612202294,0.31875087820961967,0.02194887870587254,0.6045621599240434,0.005673703055142975
3.8003609550000004,0.8696202173599034,0.17151739594049176,-0.2897408393388134,0.543883809190356,0.16694964041885227,0.3123046887928487,0.550323935981472,0.14584621741322706,0.31799694242587984,0.12,0.03318263032406933,0.03282296907945659,-0.3490658503988659,-0.307628593929976,-0.40270820022718495,0.9470133944755462,0.694135059497283,0.32032659069935654,0.022064217539718056,0.6077377817646932,0.0056922536330311635
3.8201597130000002,0.8718970379835337,0.1708386061114987,-0.2940645344912773,0.5445089834128902,0.16715149076970823,0.311109133313443,0.5509812353774775,0.14593746523243922,0.3168080605944114,0.12,0.03318149232767468,0.03269701187638186,-0.3490658503988659,-0.307628593929976,-0.40270820022718495,0.9433906093467891,0.6914599844723041,0.3218804423685416,0.022179380626812028,0.6108725950856887,0.0056989272809684355
3.8403311920000003,0.8742137090302365,0.17013701463631417,-0.29846962525355275,0.5451460679151939,0.16735634585294365,0.30989127037916947,0.5516385656573662,0.14602797683406304,0.31561869994615316,0.12,0.03317605924590136,0.03273573188063921,-0.3490658503988659,-0.307628593929976,-0.40270820022718495,0.946645040598414,0.6901415534335466,0.3234748349188515,0.022294659717915825,0.6140883251997059,0.005727429566983688
3.860300887,0.8765041235174867,0.16943234519504818,-0.3028306499939775,0.545776897842977,0.16755834240458403,0.3086858349696712,0.5522958786795986,0.14611774192442467,0.3144289775570276,0.12,0.03316932550254068,0.03265976869063626,-0.3490658503988659,-0.307628593929976,-0.40270820022718495,0.942291390929107,0.6906970436027061,0.32504546873711465,0.02240974029519418,0.6172596275510052,0.005743142587356365
3.880284983,0.8787930926373634,0.1687171785665294,-0.30719481965560846,0.5464082840270371,0.16775967826450555,0.30747980126561847,0.5529531486668,0.14620675759439936,0.3132389306911435,0.12,0.033161874012075994,0.032691679784112575,-0.3490658503988659,-0.307628593929976,-0.40270820022718495,0.9422190750352639,0.6923649141703646,0.32661657664466814,0.02252473401762404,0.620433750346752,0.005759129425525034
3.900173188,0.8810679506307961,0.16799550886183587,-0.311538048435399,0.5470367877942719,0.1679592602297829,0.3062797340184587,0.5536103956308397,0.14629499902985976,0.31204880053956713,0.12,0.03315691550241429,0.032852136750253634,-0.3490658503988659,-0.307628593929976,-0.40270820022718495,0.9423614174210077,0.700245420091674,0.32817581028088766,0.022639623082716727,0.6235868489749662,0.0057690665211084236
3.920153667,0.8833501926689683,0.16726057167363562,-0.31590142820882755,0.5476683996919833,0.16815899509222035,0.30507419063958685,0.5542676758673771,0.14638245270101902,0.31085869843386327,0.12,0.033154392460994185,0.032858555488937305,-0.3490658503988659,-0.307628593929976,-0.40270820022718495,0.9427315592165273,0.7001962152303377,0.3297441412918572,0.022754521409049867,0.6267601266426908,0.005784507794276416
3.9402477360000003,0.8856421624846347,0.1665114484972892,-0.3202896140096023,0.5483038205125365,0.16835909214107322,0.30386183855882176,0.5549250243338623,0.14646911811438157,0.3096686051268987,0.12,0.03315316540747316,0.0328707600562905,-0.3490658503988659,-0.307628593929976,-0.40270820022718495,0.9433645527538095,0.7001734500607154,0.33132389058716355,0.022869440372094256,0.629958219136501,0.005806766568076938
3.960184517,0.8879129082713411,0.165758217470446,-0.3246434509202527,0.5489344970934217,0.16855685510269183,0.30265899658850853,0.555582458373671,0.14655499508352282,0.30847850711323016,0.12,0.03315260525365602,0.03288867880408005,-0.3490658503988659,-0.307628593929976,-0.40270820022718495,0.9442681300375166,0.7001658101664858,0.3328848024155344,0.022984282313937985,0.6331219580334828,0.005819510524721627
3.9801852830000004,0.8901876302268874,0.16499265803486662,-0.3290112610121668,0.5495674356220636,0.16875449147978308,0.30145229484429176,0.5562399881589264,0.14664008276559312,0.3072884003238562,0.12,0.033152588198392896,0.032890022257929925,-0.3490658503988659,-0.307628593929976,-0.40270820022718495,0.9443364416039155,0.7001646712925809,0.3344515580196411,0.02309913483521483,0.636299661336023,0.005836105479564424
4.000214575,0.8924622261881971,0.16421606434425368,-0.3333853006730225,0.5502015147902981,0.16895164459278833,0.3002438729102824,0.5568976186419631,0.14672438197660587,0.30609827235362624,0.12,0.03315256452264365,0.03289469546280917,-0.3490658503988659,-0.307628593929976,-0.40270820022718495,0.9445668328451936,0.7001679402952647,0.3360201850926649,0.02321398307488452,0.6394835730266488,0.005854399443343816
4.020334658,0.8947436985948,0.1634259636463315,-0.3377791674668018,0.5508387077918773,0.16914892176262883,0.2990299718784901,0.5575553510942173,0.14680789193182303,0.30490812387429056,0.12,0.03315260353848498,0.032895685577208324,-0.3490658503988659,-0.307628593929976,-0.40270820022718495,0.9446121392683802,0.7001721395920361,0.3375976036610483,0.023328842902120617,0.6426872913410924,0.00587815199580044
4.040148444000001,0.8969869987047161,0.16263802666771915,-0.34210614446607407,0.5514664387846596,0.1693424347303331,0.29783454508559976,0.5582131854367351,0.1468906119478146,0.30371795586015116,0.12,0.03315275657138294,0.03289377475298138,-0.3490658503988659,-0.307628593929976,-0.40270820022718495,0.9445115514680956,0.7001771861809734,0.33913961376767754,0.023443611851523848,0.6458241003262253,0.005883410774551401
4.0602191030000006,0.899255906911188,0.16183004954588798,-0.3464892179409383,0.5521025445095088,0.1695376970318122,0.296623615159551,0.5588711216400069,0.14697254143552754,0.3025277709315793,0.12,0.0331528987499697,0.032896463344721474,-0.3490658503988659,-0.307628593929976,-0.40270820022718495,0.9446379251553231,0.7001852420807505,0.3407088898038287,0.023558435505271532,0.6490169888725176,0.005904155772028297
4.080254935,0.9015173210406213,0.16101355468624517,-0.3508646858209933,0.5527377862260349,0.16973185270896474,0.2954147784671001,0.5595291597403381,0.14705367975657535,0.3013375700463616,0.12,0.03315311803689374,0.03289476687339005,-0.3490658503988659,-0.307628593929976,-0.40270820022718495,0.9445446839192115,0.700193659750291,0.3422729620896172,0.023673239800865137,0.6522022558673548,0.005922791579261455
4.100349244,0.9037817307080944,0.16018476103390805,-0.35525292403348174,0.5533751218320122,0.1699258062687827,0.29420240424579047,0.5601872998255418,0.14713402646371643,0.3001473538049289,0.12,0.03315337488815593,0.03289569849603047,-0.3490658503988659,-0.307628593929976,-0.40270820022718495,0.9445801182220931,0.7002048065794302,0.3438421943367725,0.02378804312460687,0.6554002778384107,0.005944949559138436
4.120263052,0.9060221740102558,0.15935357260985689,-0.35960174405121703,0.5540069715594276,0.17011725369652456,0.2930009079667116,0.5608455421680945,0.1472135810306399,0.2989571227013624,0.12,0.03315371822735305,0.03289376180858923,-0.3490658503988659,-0.307628593929976,-0.40270820022718495,0.9444705872038123,0.7002175032256491,0.3453900498935116,0.023902808821469394,0.6585588667525795,0.005956214734650799
4.140234038,0.9082654039362289,0.15851023426890806,-0.36396305072298524,0.5546408758426978,0.1703084923907826,0.29179594263392866,0.561503888446996,0.1472923428068602,0.29776687759107817,0.12,0.033154247297020975,0.03289442416154646,-0.3490658503988659,-0.307628593929976,-0.40270820022718495,0.9444845920408815,0.7002366160364416,0.34694291996414023,0.024017578638910415,0.6617299283140634,0.00597093495714951
4.160148968000001,0.9104986484071045,0.15765951514679197,-0.36831211576548223,0.5552732449705057,0.17049843692175878,0.29059433135729834,0.562162342608418,0.14737031176052617,0.2965766124163711,0.12,0.033155023387015495,0.03289358958015326,-0.3490658503988659,-0.307628593929976,-0.40270820022718495,0.9444159286875268,0.700263550320136,0.3484882345844691,0.02413234012147041,0.6648887281818534,0.00598228105907278
4.180193640000001,0.9127426968605316,0.15679348607849655,-0.37268951414365975,0.5559101812582268,0.17068891918868925,0.2893844774790098,0.5628209486266275,0.1474477131383487,0.2953885851043487,0.12,0.03316638168424404,0.03290569455490051,-0.3490658503988659,-0.307628593929976,-0.40270820022718495,0.9440053953453639,0.7012793323996616,0.3500465302769341,0.024246904220838954,0.6680780992480084,0.0060041076253388725
4.200111642,0.9149687759581666,0.155923177039161,-0.37703925005609257,0.5565433802743918,0.17087744949404074,0.28818215665189234,0.5634797831223878,0.14752454569393209,0.29420309323102306,0.12,0.03316948480520527,0.03290709700561227,-0.3490658503988659,-0.307628593929976,-0.40270820022718495,0.9441233371212574,0.7012315131593561,0.35158931879848576,0.02436127665716262,0.6712423432871156,0.00602093657913072
4.22020443,0.9172105494522441,0.15503547130656836,-0.38142715610934524,0.5571824645096303,0.17106689587656881,0.2869690943249412,0.5641388025288507,0.14760053727097386,0.29301706370434366,0.12,0.033174702800718936,0.0329122915075087,-0.3490658503988659,-0.307628593929976,-0.40270820022718495,0.9442467166802024,0.7013678586952325,0.35315002013259233,0.024475715001691628,0.6744442198136888,0.00604796937940244
4.2401392410000005,0.9194308113430395,0.15414499420601832,-0.3857805628071787,0.5578168597965547,0.17125411541047628,0.28576536417940906,0.564798020474487,0.1476757519044265,0.2918309644710869,0.12,0.03318036367605007,0.03291812883937707,-0.3490658503988659,-0.307628593929976,-0.40270820022718495,0.9443995926205335,0.7015068493483202,0.354691792201589,0.02459015717791426,0.6776115272782657,0.006065600291677853
4.260092275,0.9216492016418514,0.15324403703182427,-0.3901379490827596,0.5584521806410803,0.17144077702557445,0.28456030504982893,0.5654574463690134,0.14775018706141002,0.29064472607831676,0.12,0.033186659709283854,0.03292457754868076,-0.3490658503988659,-0.307628593929976,-0.40270820022718495,0.9445713545980459,0.7016575228359919,0.3562341209258915,0.02470461092122527,0.6807826751610764,0.00608442102848783
4.2801231490000005,0.9238722839751812,0.15232986960220718,-0.3945123342241617,0.5590897632295322,0.17162726880312837,0.28335138305302754,0.5661170099866395,0.14782393445389408,0.28945876198624426,0.12,0.033163664132617246,0.03301722444382418,-0.3490658503988659,-0.307628593929976,-0.40270820022718495,0.949230037860394,0.7016311843308148,0.3577836490369247,0.024818962974441784,0.683971096210406,0.006107378933216723
4.300211443,0.9260977072390725,0.1514033379511073,-0.3988992588680747,0.5597300415525909,0.17181370910462404,0.2821377779198451,0.5667767378256773,0.1478968975896172,0.28827200183521956,0.12,0.03319697232182008,0.032937870621609106,-0.3490658503988659,-0.307628593929976,-0.40270820022718495,0.9452149142795928,0.7016786168008623,0.3593380778378361,0.024933307069249643,0.6871712607032942,0.006134223915374437
4.320237243,0.9283121339725833,0.15046996523502412,-0.40327253593849555,0.560368711847633,0.17199884065360949,0.2809276474481876,0.5674367155914513,0.1479688840522413,0.2870841189891712,0.12,0.03320522671227168,0.0329337399395138,-0.3490658503988659,-0.307628593929976,-0.40270820022718495,0.9448054060196938,0.7018815909559961,0.3608840852667792,0.025047864004466874,0.6903566549276667,0.006156471540983589
4.3401830210000005,0.9305136253132354,0.1495306855421755,-0.40762833763326456,0.5610052385773288,0.17218251613602178,0.279722000565287,0.5680969742822255,0.14804006609509002,0.285896027079441,0.12,0.03321492484881009,0.032934869728394975,-0.3490658503988659,-0.307628593929976,-0.40270820022718495,0.9446363407614459,0.702107145658303,0.3624197164764479,0.025162484163670996,0.6935243647127056,0.006174026514153996
4.3601928690000005,0.9327180629065774,0.14857877759409588,-0.41199813107177924,0.5616442088220066,0.1723660624878432,0.27851214544391706,0.5687575073951892,0.1481104626557401,0.28470772232448,0.12,0.03322413670284212,0.03293631887537693,-0.3490658503988659,-0.307628593929976,-0.40270820022718495,0.9444988785419463,0.7023170652269,0.36396085680611295,0.025277126810742567,0.6967058533962592,0.006195576880562936
4.380183486,0.93491620520931,0.14761816993395382,-0.4163637248033488,0.5622829542160145,0.17254870798506497,0.2773031353532798,0.5694183031516878,0.1481800774841959,0.2835191688060636,0.12,0.033232870440355125,0.03293841548882918,-0.3490658503988659,-0.307628593929976,-0.40270820022718495,0.9444049824267059,0.7025157920147529,0.3654983339888407,0.025391797040022618,0.6998828936094124,0.006216033452783819
4.40024069,0.9371174407378592,0.14664474362809476,-0.4207438599465118,0.5629242116467583,0.17273123339659793,0.27608978908604853,0.5700793530949135,0.14824891087711675,0.2823303569852642,0.12,0.03324133783749118,0.032940622674361174,-0.3490658503988659,-0.307628593929976,-0.40270820022718495,0.9443221230265875,0.702709010691471,0.3670415931923159,0.025506473003749537,0.7030742169317761,0.006240567899215677
4.420156254,0.9392988769949151,0.1456686271471816,-0.425093063443286,0.5635613130286157,0.17291174047856617,0.2748847219268483,0.5707406508454829,0.14831696392476704,0.28114126232390985,0.12,0.03324932006775108,0.03289965985153652,-0.3490658503988659,-0.307628593929976,-0.40270820022718495,0.9421047743176224,0.7028782182592035,0.36856774106004386,0.02562120069825001,0.7062343257671958,0.006256540397061527
4.440213907,0.9414915804801864,0.14467600062255917,-0.42947329664003014,0.5642033064269298,0.17309279813024753,0.27367081517426867,0.5714021733161776,0.14838424244741064,0.2799518111087147,0.12,0.033255948659956916,0.03288280586713452,-0.3490658503988659,-0.307628593929976,-0.40270820022718495,0.9411223629043225,0.7030179304524032,0.3701079847185671,0.025735897272505557,0.7094251077487448,0.006280995934446032
4.460212839,0.9436735084170189,0.14367671321300415,-0.4338407062190985,0.564843753561232,0.1732725807058486,0.2724602457071082,0.5720638992878772,0.1484507446371822,0.2787620276903099,0.12,0.03326189894244998,0.03288854611607309,-0.3490658503988659,-0.307628593929976,-0.40270820022718495,0.94128151028662,0.7031457955170347,0.3716402736157003,0.02585061024683445,0.7126027339094083,0.006301781983201693
4.48037812,0.9458691638319556,0.14265951483937786,-0.43824444344886676,0.5654898565436298,0.1734531074577888,0.2712393995667423,0.572725819065966,0.14851646830688997,0.2775719295352468,0.12,0.03326754735809197,0.03289395992439796,-0.3490658503988659,-0.307628593929976,-0.40270820022718495,0.9414307140377239,0.7032672821821743,0.3731893080556714,0.02596526768140074,0.7158163729841137,0.0063325299685044745
4.500341140000001,0.9480383408645604,0.14164295681667896,-0.4426040104885033,0.5661297819258126,0.1736310661796573,0.2700306377581916,0.5733879190644184,0.14858141227947386,0.2763815440923175,0.12,0.03327197763156382,0.03289796462611783,-0.3490658503988659,-0.307628593929976,-0.40270820022718495,0.9415365025595263,0.7033617287463656,0.3747146657381233,0.026079986871963407,0.7189855545808208,0.006350906334125939
4.52012102,0.9501832064415072,0.14062636434309086,-0.4469235830229177,0.5667641207356737,0.1738066455296877,0.2688328302506315,0.5740501733840953,0.14864557064766348,0.27519091593528194,0.12,0.03327572341060238,0.032901635192182956,-0.3490658503988659,-0.307628593929976,-0.40270820022718495,0.9416376662788356,0.7034440933303123,0.3762185086179619,0.02619477528848835,0.7221144989581996,0.006358085684650462
4.540237877,0.9523601263106988,0.13958303977462685,-0.4513167453159115,0.5674095615862945,0.1739844657567671,0.2676144620793934,0.5747125831434939,0.14870894336772084,0.27400002479586155,0.12,0.03327994068913405,0.032905787324156714,-0.3490658503988659,-0.307628593929976,-0.40270820022718495,0.9417513590421567,0.7035380071656792,0.3777577914174852,0.026309430930829696,0.7253167701117731,0.006385562716468174
4.560465571,0.9545444104079729,0.1385243607448801,-0.4557341124302185,0.5680588629270097,0.17416249870892667,0.26638921700330687,0.5753751551430835,0.14877153003222324,0.2728088684619783,0.12,0.033284398902273485,0.032910129920696064,-0.3490658503988659,-0.307628593929976,-0.40270820022718495,0.9418705135494234,0.7036359824853797,0.3793076964899794,0.0264240311484133,0.7285429808921968,0.0064196514586714595
4.580284085000001,0.9566799064345304,0.13747765396656092,-0.4600621219402513,0.5686953293442473,0.17433617425891512,0.2651885941438048,0.5760378912611835,0.14883332970087396,0.2716174424782173,0.12,0.03328891556413359,0.032914501075051436,-0.3490658503988659,-0.307628593929976,-0.40270820022718495,0.9419905013454258,0.703734552407146,0.3808113641773434,0.026538807359330462,0.7316795644184686,0.006428848334412486
4.600278308,0.9588297450747261,0.1364123527182263,-0.46442850315781975,0.5693377346628132,0.17451064193858729,0.2639771642246766,0.5767007905634468,0.14889434117465908,0.27042574767036004,0.12,0.03329338027345747,0.03291880182025829,-0.3490658503988659,-0.307628593929976,-0.40270820022718495,0.9421084957088074,0.7038315953041069,0.38233275809392775,0.02665350740566584,0.7348542508281797,0.006448583445683442
4.620247377,0.9609722129690985,0.13533902665292805,-0.46878939119102453,0.5699796261022935,0.17468413536905647,0.26276710059478714,0.5773638503599092,0.14895456310671204,0.26923378825105343,0.12,0.03329772158356014,0.03292296724014293,-0.3490658503988659,-0.307628593929976,-0.40270820022718495,0.9422226456480166,0.7039257163591299,0.3838499168902184,0.02676822102213677,0.738023179442078,0.00646668765626629
4.640310568,0.963120055979481,0.1342512647674832,-0.47317083378806307,0.57062483422508,0.17485768774263177,0.2615511812994166,0.578027066773701,0.14901399406530816,0.26804157078527874,0.12,0.03330188909540532,0.032926950919845946,-0.3490658503988659,-0.307628593929976,-0.40270820022718495,0.9423316312594487,0.7040159147328486,0.385375853566053,0.026882885812189134,0.7412124045733418,0.006490389485862114
4.660382822,0.9652640804901417,0.1331536070891018,-0.4775542555824415,0.5712706214785293,0.17503055413030016,0.260334567623831,0.5786904354604553,0.14907263162200962,0.26684911750469914,0.12,0.03330586193131231,0.03293071780101118,-0.3490658503988659,-0.307628593929976,-0.40270820022718495,0.9424290586216844,0.7041068314288745,0.3869012772964407,0.02699754397112452,0.7444033730871407,0.006514549880868137
4.680223271,0.9673785683965545,0.13205934656639934,-0.48188705530472753,0.5719092251464433,0.17520066525897485,0.2591318780588091,0.5793539506026679,0.14913047132297688,0.2656565075204523,0.12,0.033309351240098574,0.03293391627374048,-0.3490658503988659,-0.307628593929976,-0.40270820022718495,0.9425147062954926,0.7041811073915317,0.3883999579229462,0.02711233942283669,0.7475435628251799,0.006524629461643172
4.700221115000001,0.9695050317978927,0.13094718128475052,-0.4862542272840269,0.5725531566065102,0.175371366465979,0.2579195421239834,0.5800175979735117,0.14918751455682652,0.26446369320311475,0.12,0.03331224711751011,0.0329365838473598,-0.3490658503988659,-0.307628593929976,-0.40270820022718495,0.9425859604074842,0.7042432319605058,0.38991431220843636,0.0272270451155066,0.7507179204871417,0.006544151079131366
4.720188382,0.9716233739828513,0.12982745470727958,-0.4906147217926144,0.5731963565320568,0.17554103944445903,0.25670897162061185,0.5806813665372577,0.14924375954658356,0.2632706915104512,0.12,0.03331467569068042,0.032938802913954256,-0.3490658503988659,-0.307628593929976,-0.40270820022718495,0.9426445090184771,0.7042956366792359,0.39142387009379404,0.02734176850178427,0.7538854133030656,0.006561719889839335
4.7402718980000005,0.9737491178821523,0.12869192904510166,-0.4950006030066598,0.5738435668299622,0.17571093259123716,0.25549124115173605,0.5813452522008694,0.14929920567720928,0.2620774517613775,0.12,0.033317741437486774,0.032942261935821913,-0.3490658503988659,-0.307628593929976,-0.40270820022718495,0.9427459371072328,0.7043671596838629,0.3929445936156986,0.027456412766151156,0.7570780547680374,0.00658621060964143
4.760387420000001,0.9758732407837503,0.12754526660842072,-0.499393473759496,0.5744921220213688,0.17588033485735124,0.25427136929050637,0.582009292787361,0.14935385460909797,0.2608839305765407,0.12,0.033323225649890174,0.03294790589651084,-0.3490658503988659,-0.307628593929976,-0.40270820022718495,0.9429027499227814,0.7044925449027605,0.39446726612215327,0.027571035720227472,0.7602774043360367,0.006612561286034323
4.780276254,0.9779684256687904,0.12640231138840335,-0.503736839901653,0.5751337016875789,0.17604707934487634,0.2530650012291765,0.5826735228478896,0.14940770800338377,0.25969009755409317,0.12,0.03332994793013016,0.03295461706273916,-0.3490658503988659,-0.307628593929976,-0.40270820022718495,0.9430902233827663,0.7046406297541917,0.395963771663012,0.027685826854175862,0.7634269374557461,0.006625096324916645
4.800272192,0.9800698825417539,0.12524406291045387,-0.5081035956445924,0.57577907984461,0.17621398015531803,0.2518518703026472,0.5833379587563068,0.14946076618088283,0.2584959242116732,0.12,0.033337269074161506,0.03296182061172268,-0.3490658503988659,-0.307628593929976,-0.40270820022718495,0.9432917750615449,0.7047992555245891,0.39747033608533583,0.027800559497312454,0.7665995198562656,0.006644053909026004
4.820435847000001,0.9821838450983461,0.1240668572088299,-0.5125069777850001,0.5764302002084961,0.1763815234964777,0.2506283285864534,0.5840025987550838,0.14951303063799343,0.2573014180193653,0.12,0.033343689296442054,0.032967650749442835,-0.3490658503988659,-0.307628593929976,-0.40270820022718495,0.9434538614485565,0.7049286760235851,0.3989934995481265,0.02791517738139565,0.7698083958043653,0.006673089432911894
4.840153251,0.9842459336015036,0.12290661339810105,-0.5168129066768009,0.5770671979310654,0.17654460212681847,0.24943170103647516,0.5846674088663978,0.1495644953796473,0.2561066396370384,0.12,0.0333482762037295,0.032971847623112095,-0.3490658503988659,-0.307628593929976,-0.40270820022718495,0.943569791638449,0.7050225895171556,0.4004667777746683,0.0280301510226095,0.7729195463138393,0.0066749386005632285
4.860187022000001,0.9863360129507718,0.12171874268431061,-0.5211879244712642,0.5777146816359295,0.17670953996139746,0.24821574675607133,0.5853323601073226,0.14961515683644347,0.2549116417248913,0.12,0.033351753182151764,0.03297504455506223,-0.3490658503988659,-0.307628593929976,-0.40270820022718495,0.9436572422673352,0.7050949854857762,0.40197280942414104,0.02814488625337322,0.7760995661961554,0.006695894968819949
4.8801777930000005,0.9884164004601783,0.12052430845287829,-0.5255535518336834,0.5783607493077696,0.17687328077288425,0.24700282654468547,0.5859974631098299,0.14966498991805216,0.25371609678196605,0.12,0.03334009371006998,0.032994735140292344,-0.3490658503988659,-0.307628593929976,-0.40270820022718495,0.9446028108002004,0.7051339462144168,0.40347265143307837,0.028259697254848965,0.7792696486156494,0.0067132702372805775
4.900213938,0.9904962637803071,0.11931807178347154,-0.5299290880673483,0.5790088894599378,0.17703671045651342,0.2457863885263845,0.5866627475330511,0.14971389125613074,0.2525188166020111,0.12,0.03336106808418494,0.03298385859224074,-0.3490658503988659,-0.307628593929976,-0.40270820022718495,0.9439108501444835,0.7052820794675534,0.4049758198782209,0.02837460118592265,0.7824479046693593,0.006732428075626574
4.9203826930000005,0.9925845598671358,0.11809470249313599,-0.5343335839566729,0.57966135524129,0.1772003869665758,0.2445622066937611,0.5873281006174366,0.149762068322586,0.25132265031314127,0.12,0.033352697699380186,0.03297314522757445,-0.3490658503988659,-0.307628593929976,-0.40270820022718495,0.9436324390772383,0.7050248223014841,0.40649184471792216,0.02848930175823518,0.7856562342698141,0.006760443619380163
4.940359615,0.9946476362239284,0.11687387052787704,-0.5386961869448275,0.5803076562047862,0.17736167625874852,0.24334996290076508,0.5879933109512259,0.14980939984656957,0.25012662680766284,0.12,0.03334460081618821,0.03296689198778934,-0.3490658503988659,-0.307628593929976,-0.40270820022718495,0.9433941657032742,0.7049504336861929,0.4079858935729266,0.028604146978621525,0.7888228137524903,0.006776663906897767
4.960352051,0.9967069649856115,0.11564309475171489,-0.5430621779135107,0.5809546000696985,0.17752229314717738,0.2421368793365878,0.5886585033305161,0.14985587129507852,0.24893018743358755,0.12,0.03334180687624644,0.03296369591326628,-0.3490658503988659,-0.307628593929976,-0.40270820022718495,0.9435260409421822,0.7046587547211319,0.4094802329025127,0.02871900108900603,0.7919923653470983,0.0067933080969997395
4.980553328,0.9987823559937608,0.1143903892419098,-0.5474737760268106,0.5816085588689033,0.1776838096833833,0.2409110103745917,0.5893237581004163,0.14990150055429677,0.24773317448939905,0.12,0.03334489490238264,0.032967414193735826,-0.3490658503988659,-0.307628593929976,-0.40270820022718495,0.9436002623083622,0.7047704473784291,0.4109955990219656,0.028833678220547287,0.7952069505162096,0.00682216411480735
